,name,album,artist,release_date,length,popularity,key,mode,danceability,acousticness,energy,instrumentalness,liveness,loudness,speechiness,tempo,time_signature,valence,answer
0,sakayume,sakayume,澁谷逆太郎,2020-01-27,263194,24,1,1,0.626,0.0429,0.678,2.44e-05,0.0722,-4.844,0.039,143.953,4,0.308,night
1,東京フラッシュ,東京フラッシュ,Vaundy,2019-11-29,258367,0,2,1,0.632,0.003,0.665,2.6e-05,0.0642,-4.911,0.0326,97.985,4,0.601,night
2,Ref:rain,Penny Rain,Aimer,2019-04-09,289986,0,7,1,0.472,0.0343,0.672,0.0,0.0936,-4.297,0.0287,77.982,4,0.313,night
3,Koi,Koi,androp,2019-02-20,274120,52,2,1,0.584,0.726,0.56,0.0,0.096,-7.3,0.0384,74.997,4,0.338,night
4,言えなかったこと,言えなかったこと,Thinking Dogs,2018-09-18,265760,0,6,1,0.431,0.435,0.533,0.0,0.0546,-3.93,0.0295,155.763,4,0.483,night
5,不可幸力,不可幸力,Vaundy,2020-01-22,199787,0,0,1,0.68,0.0197,0.741,0.0,0.0795,-6.457,0.0369,94.015,4,0.533,night
6,きえないで,夜王子と月の姫 / きえないで,Cent Chihiro Chittiii,2018-09-19,291413,32,0,1,0.621,0.656,0.231,0.0,0.256,-7.961,0.0259,82.01,4,0.437,night
7,リズム,KiND PEOPLE / リズム,BiSH,2019-11-06,285600,40,7,1,0.465,0.0336,0.667,1.73e-05,0.266,-5.107,0.0327,75.013,4,0.268,night
8,死にたい夜にかぎって,死にたい夜にかぎって,AiNA THE END,2020-02-26,276927,35,2,1,0.556,0.767,0.443,0.0,0.118,-6.975,0.027,77.008,4,0.329,night
9,好きだよ,アリスとテレス,Tensai Band,2015-11-04,393773,18,7,1,0.737,0.924,0.257,0.381,0.0966,-12.401,0.0328,120.085,4,0.286,night
10,snow jam,swipe sheep,Rin音,2020-06-10,185378,59,1,1,0.583,0.185,0.627,0.0,0.159,-5.842,0.201,172.016,4,0.805,night
11,あいことば,Ⅴ,MY FIRST STORY,2020-08-12,349666,37,1,1,0.417,0.0111,0.718,0.0,0.119,-4.167,0.0305,153.002,4,0.304,night
12,life hack,strobo,Vaundy,2020-05-27,226443,0,11,0,0.711,0.0233,0.655,0.00045,0.115,-5.987,0.047,90.98,4,0.759,night
13,Myra,Myra,Tani Yuuki,2020-07-01,255000,56,0,1,0.683,0.71,0.318,9.05e-05,0.167,-13.335,0.0349,144.027,4,0.587,night
14,STAND-ALONE,STAND-ALONE,Aimer,2019-05-05,287626,0,3,0,0.426,0.00017,0.891,4.89e-06,0.08,-5.206,0.0751,91.927,4,0.209,night
15,HAPPY BIRTHDAY,MAGIC,back number,2019-03-27,258333,66,11,1,0.482,0.0702,0.602,0.0,0.0677,-4.365,0.0303,145.988,4,0.535,night
16,浮気されたけどまだ好きって曲。,浮気されたけどまだ好きって曲。,Riria.,2020-05-22,213333,50,1,1,0.621,0.801,0.373,1.45e-05,0.0983,-9.286,0.0437,80.924,4,0.492,night
17,ぎゅっと。,ぎゅっと。,もさを。,2020-07-27,269746,61,4,1,0.773,0.814,0.363,0.0,0.103,-7.304,0.0383,119.994,4,0.774,night
18,夏夜のマジック,藍色ミュージック,indigo la End,2016-06-08,305640,58,2,0,0.465,0.222,0.818,0.0,0.216,-3.855,0.0385,80.024,4,0.669,night
19,夢の恋人,夢が醒めたら,ZOOKARADERU,2018-11-21,200386,0,9,1,0.698,0.191,0.684,9.9e-06,0.133,-4.64,0.0353,122.025,4,0.557,night
20,名前の無い歌,名前の無い歌,Yamazaru,2020-06-08,211292,52,11,1,0.759,0.183,0.841,0.0,0.129,-3.009,0.0471,98.077,4,0.68,night
21,Letting Go,Eye of the Storm,ONE OK ROCK,2019-02-13,200253,48,9,1,0.79,0.324,0.688,4.96e-05,0.0862,-6.272,0.0697,98.012,4,0.44,night
22,そっけない,ANTI ANTI GENERATION,RADWIMPS,2018-12-12,389466,61,0,1,0.626,0.594,0.399,0.0,0.101,-7.304,0.0363,109.916,4,0.184,night
23,会いたいわ,life ep,iri,2017-11-22,268320,50,9,1,0.744,0.437,0.557,2.25e-06,0.0578,-4.776,0.0971,144.006,4,0.575,night
24,Wonderland,Shade,iri,2019-03-06,224786,57,0,1,0.724,0.325,0.829,0.000979,0.0855,-5.759,0.033,95.006,4,0.528,night
25,So Close,Enchanted (Original Motion Picture Soundtrack/Japanese Version),Various Artists,2008-03-05,228413,28,11,1,0.213,0.747,0.24,1.26e-06,0.117,-11.472,0.0321,78.061,4,0.175,night
26,Never Grow Up - Acoustic Version,Never Grow Up (Acoustic Version),CHANMINA,2020-04-10,223500,39,10,1,0.614,0.306,0.762,0.0,0.0926,-4.575,0.0424,99.99,4,0.595,night
27,絵空,Drama / 絵空,マルシィ,2020-05-31,289819,53,4,1,0.39,0.167,0.636,0.0,0.0586,-5.387,0.0344,161.944,4,0.196,night
28,Letter,Tragicomedy,SHE'S,2020-07-01,262386,52,1,1,0.605,0.271,0.647,0.359,0.108,-6.679,0.0245,112.038,4,0.495,night
29,今日も生きてて偉いね,今日も生きてて偉いね,堂村璃羽,2019-06-26,201003,29,11,0,0.859,0.693,0.46,0.0,0.0688,-7.533,0.0764,98.021,4,0.878,night
30,いつか,カントリーロード,Saucy Dog,2017-05-24,274871,70,7,1,0.603,0.0941,0.509,0.0,0.201,-4.535,0.0263,79.989,4,0.445,night
31,想いあい,DAYS,the shes gone,2019-01-23,245580,50,9,1,0.592,0.0296,0.741,0.0,0.298,-5.736,0.0361,132.063,4,0.605,night
32,Planet,Planet,Liza,2020-12-26,232307,43,0,1,0.692,0.39,0.674,0.0,0.309,-6.499,0.0921,92.01,4,0.495,night
33,通り恋,濡れゆく私小説,indigo la End,2019-10-09,235449,52,0,1,0.534,0.0195,0.654,0.00137,0.239,-3.971,0.0277,80.126,4,0.364,night
34,接吻,Sunny Side Of Original Love,Original Love,1993-12-08,280693,56,4,0,0.599,0.139,0.815,1.98e-05,0.142,-7.645,0.048,96.028,4,0.649,night
35,LA・LA・LA LOVE SONG,LA・LA・LA LOVE SONG,Toshinobu Kubota,1996-05-13,289000,55,8,0,0.758,0.109,0.884,4.91e-05,0.0815,-5.727,0.0327,117.917,4,0.96,night
36,10月無口な君を忘れる,10月無口な君を忘れる,あたらよ,2021-03-24,332285,55,5,1,0.262,0.0429,0.47,0.0,0.236,-4.663,0.0433,75.096,4,0.307,night
37,inside you,eyes,milet,2020-06-03,222306,59,7,1,0.471,0.00745,0.658,0.0,0.0803,-4.433,0.0306,149.944,4,0.265,night
38,だから,だから,よせい,2020-12-22,254105,0,0,1,0.523,0.804,0.347,5.73e-05,0.114,-7.919,0.0284,72.915,4,0.161,night
39,コンタクトケース,サラダデイズ,Saucy Dog,2018-05-23,286493,61,6,1,0.502,0.0301,0.574,0.0,0.161,-7.145,0.0298,77.908,4,0.194,night
40,結,テイクミー,Saucy Dog,2020-09-02,264840,67,6,1,0.53,0.224,0.661,0.0,0.169,-7.09,0.0408,153.935,4,0.538,night
41,Song for…,TRUNK,HY,2004,289360,51,4,1,0.426,0.64,0.339,0.0,0.129,-7.498,0.0348,73.382,4,0.243,night
42,NAO,Confidence,HY,2006-04-12,366773,53,2,1,0.561,0.491,0.422,0.0,0.197,-6.602,0.0292,75.982,4,0.255,night
43,366日,HeartY,HY,2008-04-16,352506,60,8,1,0.378,0.675,0.426,0.0,0.207,-7.314,0.0308,152.03,4,0.184,night
44,memory,memory,asmi,2020-12-02,182110,52,7,1,0.563,0.528,0.565,0.125,0.143,-5.757,0.03,85.01,4,0.271,night
45,アノデーズ,sasayaki,なきごと,2020-03-25,189983,15,9,1,0.476,0.0455,0.7,0.0374,0.366,-5.795,0.0335,175.817,4,0.364,night
46,雨と僕の話,MAGIC,back number,2019-03-27,233986,51,7,1,0.395,0.0342,0.625,0.0,0.107,-4.031,0.029,148.08,4,0.388,night
47,勿忘,Grower,Awesome City Club,2021-02-10,251533,65,6,0,0.448,0.234,0.447,0.0,0.382,-7.161,0.045,78.861,4,0.299,night
48,half-moon,half-moon,FAKY,2020-02-26,217683,35,11,1,0.689,0.346,0.578,0.0,0.327,-5.95,0.0307,107.021,4,0.427,night
49,夢灯籠,君の名は。,RADWIMPS,2016-11-16,129186,0,8,1,0.213,0.0301,0.864,9.68e-05,0.0465,-5.71,0.401,177.921,3,0.13,night
50,Sucker for You,Trouble,Matt Terry,2017-11-24,203813,50,0,1,0.874,0.218,0.649,0.0,0.337,-4.385,0.0833,95.004,4,0.712,night
51,Talking to the Moon,Doo-Wops & Hooligans,Bruno Mars,2010-10-05,217866,78,1,0,0.498,0.511,0.59,0.0,0.107,-4.721,0.032,145.867,4,0.0784,night
52,Hikari,Hikari,androp,2018-08-02,238333,53,6,1,0.491,0.378,0.451,0.0,0.117,-5.199,0.0303,85.287,4,0.371,night
53,napori,strobo,Vaundy,2020-05-27,203787,1,11,1,0.88,0.417,0.356,0.0,0.0997,-7.802,0.297,129.822,4,0.468,night
54,黄色,黄色,back number,2021-09-27,297997,60,4,0,0.352,0.251,0.791,0.0,0.307,-3.27,0.0797,169.638,4,0.511,night
55,色香水,色香水,Yoh kamiyama,2021-03-10,253053,51,7,1,0.615,0.0591,0.856,0.000172,0.289,-5.185,0.0276,147.988,4,0.726,night
56,花のように,花のように,eill,2021-08-11,199565,42,9,1,0.579,0.12,0.569,0.0,0.175,-5.424,0.075,92.202,4,0.605,night
57,Chained,Amulet,SHE'S,2021-10-06,226080,47,2,1,0.372,0.114,0.616,0.000269,0.122,-6.198,0.0384,170.126,4,0.319,night
58,恋風邪にのせて,恋風邪にのせて,Vaundy,2022-03-07,255914,69,6,0,0.595,6.4e-05,0.909,0.000355,0.387,-3.594,0.0341,118.021,4,0.537,night
59,春愁,"Love me, Love you",Mrs. GREEN APPLE,2018-02-14,183800,65,10,1,0.724,0.0121,0.444,0.0,0.123,-4.903,0.0412,129.962,4,0.739,night
60,ブルーベリー・ナイツ,hope,Macaroni Empitsu,2020-04-01,244869,66,5,1,0.66,0.278,0.865,0.0,0.0931,-3.642,0.0277,106.008,4,0.772,night
61,ベテルギウス,壱,Yuuri,2022-01-12,230600,74,5,1,0.367,0.222,0.671,0.0,0.494,-4.604,0.0478,179.833,4,0.691,night
62,シンデレラボーイ,レイジーサンデー,Saucy Dog,2021-08-25,234323,76,9,1,0.596,0.0748,0.735,0.0,0.269,-6.362,0.0332,108.106,4,0.524,night
63,YOKAZE,ZURUMUKE,HENTAI SHINSHI CLUB,2021-06-16,269547,68,10,1,0.642,0.293,0.587,0.0,0.0784,-5.53,0.0268,89.96,4,0.361,night
64,ベテルギウス,ベテルギウス,Yuuri,2021-11-04,230393,67,5,1,0.432,0.199,0.68,0.0,0.481,-4.839,0.0431,180.002,4,0.685,night
65,ハッピーエンドへの期待は,ハッピーエンドへの期待は,Macaroni Empitsu,2021-12-22,212569,49,4,1,0.393,0.0346,0.8,0.0,0.219,-4.247,0.0968,148.182,4,0.496,night
66,なんでもないよ、,ハッピーエンドへの期待は,Macaroni Empitsu,2022-01-12,219252,72,4,1,0.598,0.245,0.511,0.0,0.0732,-6.015,0.0423,171.845,4,0.652,night
67,魔法の絨毯,I believe in you,Takaya Kawasaki,2018-03-14,208896,71,10,0,0.622,0.776,0.309,0.0,0.122,-6.291,0.0481,73.897,4,0.571,night
68,Way Back Home,Take,SHAUN,2018-06-27,214136,71,10,1,0.745,0.405,0.739,0.000183,0.127,-4.591,0.0327,99.913,4,0.556,night
69,CITRUS,SiX,Da-iCE,2021-01-20,248653,72,1,1,0.549,0.22,0.861,0.0,0.361,-2.526,0.0459,82.042,4,0.739,night
70,napori,strobo,Vaundy,2020-05-27,203787,69,11,1,0.88,0.417,0.356,0.0,0.0997,-7.802,0.297,129.822,4,0.468,night
71,不可幸力,strobo,Vaundy,2020-05-27,200243,67,11,0,0.69,0.0157,0.815,2.85e-06,0.0636,-5.227,0.0426,94.032,4,0.613,night
72,よるのあと,adieu 1,adieu,2019-11-27,291880,54,6,1,0.674,0.519,0.365,1.23e-05,0.136,-8.141,0.0278,144.038,4,0.425,night
73,しわあわせ,しわあわせ,Vaundy,2021-04-11,278250,62,5,1,0.494,0.00484,0.613,0.0,0.115,-6.813,0.0633,159.993,4,0.385,night
74,ヤングアダルト,hope,Macaroni Empitsu,2020-04-01,258158,62,3,1,0.744,0.334,0.831,2.71e-06,0.0879,-4.8,0.0355,131.053,4,0.834,night
75,すきにやる,ZIP ROCK STAR,HENTAI SHINSHI CLUB,2017-11-20,217037,0,1,1,0.7,0.15,0.689,0.0,0.156,-7.016,0.0857,93.132,4,0.713,night
76,Flow love,HOMEMADE,SANARI,2019-07-05,212250,39,6,0,0.671,0.00394,0.345,0.0,0.423,-13.002,0.0378,129.002,4,0.531,night
77,君と僕はさ,君と僕はさ,鈴木鈴木,2020-12-09,240912,45,11,1,0.51,0.204,0.352,0.0,0.137,-17.873,0.0329,74.984,4,0.427,night
78,星を仰ぐ,星を仰ぐ,Masaki Suda,2021-02-01,293000,54,1,1,0.523,0.034,0.5,0.0,0.105,-4.551,0.0262,78.015,4,0.468,night
79,YOKAZE,HERO,HENTAI SHINSHI CLUB,2020-04-30,270853,60,10,1,0.611,0.283,0.63,0.0,0.0715,-4.263,0.0268,89.966,4,0.388,night
80,Don't Stop,Don't Stop,sloppy dim,2020-07-15,198533,40,7,0,0.706,0.557,0.487,0.0018,0.138,-3.298,0.0509,89.927,4,0.516,night
81,ランデブー,おとぎばなし,sloppy dim,2019-09-02,201664,44,5,0,0.826,0.666,0.481,3.15e-06,0.119,-8.478,0.0444,95.999,4,0.934,night
82,LOOP,SIRUP EP2,SIRUP,2018-08-01,305986,0,11,1,0.674,0.316,0.409,8.34e-06,0.101,-8.787,0.0618,79.997,4,0.289,night
83,シャッター,シャッター,Yuuri,2021-07-07,247333,64,5,1,0.606,0.511,0.525,0.0,0.33,-7.432,0.0356,74.979,4,0.665,night
84,相愛傘,相愛傘,sloppy dim,2020-02-28,194464,0,3,0,0.84,0.082,0.652,0.0,0.0544,-4.62,0.0963,94.984,4,0.623,night
85,Summer Time,Summer Time,KAHOH,2020-08-21,169962,46,11,0,0.814,0.192,0.635,0.0,0.0748,-5.923,0.0515,99.992,4,0.586,night
86,君の為のキミノウタ,I believe in you,Takaya Kawasaki,2018-03-14,313877,62,9,1,0.602,0.81,0.3,0.0,0.107,-6.686,0.0295,133.825,4,0.432,night
87,泡沫の夜,泡沫の夜,nqrse,2021-07-24,217144,46,7,1,0.652,0.293,0.63,6.51e-05,0.139,-5.333,0.0296,83.994,4,0.917,night
88,夜撫でるメノウ,夜撫でるメノウ / 幽霊東京,Ayase,2021-09-08,262800,65,10,1,0.702,0.0749,0.732,0.0,0.297,-6.803,0.0266,100.0,4,0.636,night
89,曖昧,曖昧,WANIMA,2021-12-15,221167,55,11,0,0.684,0.047,0.893,0.0,0.344,-4.38,0.0506,123.962,4,0.758,night
90,恋だろ,恋だろ,wacci,2022-04-15,282426,74,4,1,0.599,0.17,0.546,0.0,0.113,-6.795,0.0333,143.91,4,0.336,night
91,バニラ,バニラ,Kyanai,2022-03-09,251050,72,10,1,0.641,0.028,0.698,0.0,0.13,-3.934,0.0307,113.041,4,0.521,night
92,魔法にかけられて,サニーボトル,Saucy Dog,2022-07-06,259351,63,7,1,0.51,0.563,0.563,2.24e-05,0.12,-7.686,0.0303,164.058,4,0.593,night
93,あぁ、もう。,サニーボトル,Saucy Dog,2022-07-06,284335,60,4,1,0.688,0.317,0.61,0.0,0.123,-7.469,0.0311,112.124,4,0.649,night
94,I Need You,I Need You,Nissy,2022-07-07,217794,56,7,1,0.771,0.249,0.637,0.0,0.187,-2.945,0.0421,78.962,4,0.693,night
95,紫陽花,紫陽花,Kyanai,2022-05-11,174677,54,6,0,0.636,0.102,0.841,0.0,0.0278,-7.224,0.0302,101.996,4,0.885,night
96,How to,How to,Minty,2021-04-22,130106,50,0,1,0.742,0.792,0.415,0.0283,0.0909,-6.489,0.461,74.947,4,0.724,night
97,HIPHOPは歌えない,HIPHOPは歌えない,Eito,2019-04-21,231893,39,9,1,0.747,0.786,0.357,0.0,0.11,-5.144,0.0502,119.471,4,0.62,night
98,PLAYBOY - Remix,PLAYBOY (Remix),CREAM,2018-12-14,200268,48,10,1,0.816,0.0286,0.611,0.0,0.0757,-5.2,0.0449,99.003,4,0.68,night
99,友達以上恋人未満,友達以上恋人未満,まつむら かなう,2022-07-13,262533,49,11,1,0.654,0.451,0.392,0.0,0.106,-8.611,0.035,137.933,4,0.462,night
100,Overdose,Overdose,なとり,2022-09-07,197093,77,4,0,0.733,0.0307,0.598,1.7e-05,0.218,-9.453,0.0377,118.012,4,0.831,night
101,Bones,Bones,Imagine Dragons,2022-03-11,165264,90,5,0,0.773,0.0206,0.742,0.0,0.0754,-3.678,0.046,114.071,4,0.571,night
102,Ghost Of You,Youngblood (Deluxe),5 Seconds of Summer,2018-06-15,197411,77,10,1,0.458,0.0965,0.561,0.0,0.156,-4.819,0.0269,149.875,3,0.206,night
103,MY PRAYER,MY PRAYER,THE RAMPAGE from EXILE TRIBE,2020-10-26,215931,44,0,1,0.425,0.592,0.575,0.0,0.0677,-5.167,0.0322,175.908,4,0.362,night
104,Starlight,THE RIOT,THE RAMPAGE from EXILE TRIBE,2019-10-30,265093,44,0,1,0.584,0.313,0.726,0.0,0.197,-5.283,0.0531,151.944,4,0.329,night
105,INTO THE LIGHT,INVISIBLE LOVE,THE RAMPAGE from EXILE TRIBE,2020-04-22,228266,41,9,1,0.466,0.407,0.73,0.0,0.367,-2.75,0.0316,148.933,4,0.34,night
106,Who Am I?,Soul Searching,Bazzi,2019-08-09,171818,43,5,1,0.586,0.523,0.513,0.0,0.177,-6.347,0.0336,88.007,4,0.215,night
107,不思議,不思議,Gen Hoshino,2021-04-27,290000,61,3,1,0.753,0.0512,0.574,3.71e-06,0.141,-4.57,0.0483,89.024,4,0.527,night
108,Naked,Naked,James Arthur,2017-11-24,234106,72,6,1,0.529,0.104,0.607,0.0,0.0631,-6.781,0.0574,101.966,4,0.238,night
109,Story of My Life,Midnight Memories (Deluxe),One Direction,2013-11-25,245493,83,3,1,0.6,0.225,0.663,0.0,0.119,-5.802,0.0477,121.07,4,0.286,night
110,the 1,folklore,Taylor Swift,2020-07-24,210251,77,0,1,0.777,0.757,0.357,7.28e-06,0.108,-6.942,0.0522,139.883,4,0.172,night
111,Paper Cuts,Paper Cuts,EXO-CBX,2019-04-10,218989,61,7,1,0.573,0.32,0.512,0.0,0.103,-4.723,0.0287,130.897,4,0.207,night
112,My Everything,NCT RESONANCE Pt. 2 - The 2nd Album,NCT,2020-11-23,221240,57,7,1,0.605,0.869,0.321,0.0,0.101,-7.742,0.0288,71.981,3,0.466,night
113,Break into the Dark,Break into the Dark,Valentine,2017-08-16,228855,43,11,1,0.647,0.593,0.48,0.0,0.143,-6.584,0.0282,111.904,4,0.204,night
114,旅路,旅路,Fujii Kaze,2021-03-01,277333,55,9,1,0.59,0.0711,0.556,3.24e-06,0.08,-7.124,0.07,171.936,4,0.749,night
115,Ghost,Justice,Justin Bieber,2021-03-19,153190,89,2,1,0.601,0.185,0.741,2.91e-05,0.415,-5.569,0.0478,153.96,4,0.441,night
116,Are you happy?,Sad Songs,shy martin,2020-08-07,157555,69,9,0,0.632,0.714,0.578,0.0,0.42,-7.657,0.0905,139.324,4,0.297,night
117,dna,gg bb xx,LANY,2021-09-03,177382,62,11,1,0.693,0.251,0.572,0.0,0.116,-8.486,0.0467,100.074,4,0.519,night
118,Voice,gene,Pay money To my Pain,2013-11-13,485880,46,10,1,0.171,0.00055,0.766,0.000983,0.269,-3.292,0.0459,176.588,4,0.15,night
119,A Thousand Years,The Twilight Saga: Breaking Dawn - Part 1 (Original Motion Picture Soundtrack),Various Artists,2011-11-04,285120,73,10,1,0.421,0.309,0.407,0.000961,0.11,-7.445,0.0267,139.028,3,0.161,night
120,アスヒ,瀬と瀬,上野大樹,2020-12-02,312130,33,5,1,0.579,0.336,0.41,0.0,0.104,-8.313,0.0271,80.041,4,0.502,night
121,Bad Day,Daniel Powter,Daniel Powter,2005-02-22,233640,76,3,1,0.599,0.448,0.785,0.00336,0.151,-4.013,0.0309,140.046,4,0.52,night
122,Wolves,Wolves,Selena Gomez,2017-10-25,197993,81,11,0,0.724,0.124,0.804,0.0,0.204,-4.614,0.0448,124.987,4,0.306,night
123,夜空,夜空,音田 雅則,2022-03-15,249317,55,8,1,0.386,0.767,0.331,0.0,0.145,-6.536,0.033,72.88,4,0.368,night
124,Tie Me Down (with Elley Duhé),Tie Me Down (with Elley Duhé),Gryffin,2018-08-03,218295,66,6,1,0.548,0.135,0.839,0.0,0.102,-2.371,0.0644,98.932,4,0.314,night
125,All I Wanna Do,EVERYTHING YOU WANTED,Jay Park,2016-10-20,209392,67,8,1,0.613,0.245,0.668,0.0,0.0735,-6.867,0.267,96.176,4,0.509,night
126,B.Y.S.,always,keshi,2020-10-23,165154,65,9,1,0.632,0.508,0.653,0.0,0.265,-6.646,0.0379,99.997,4,0.355,night
127,水平線,水平線,back number,2021-08-13,285396,75,10,1,0.419,0.011,0.75,0.0,0.159,-3.546,0.0316,145.867,4,0.436,night
128,Better Days,Super One -The 1st Album,SuperM,2020-09-25,234640,52,0,1,0.618,0.487,0.642,0.0,0.0821,-4.312,0.0326,145.837,4,0.546,night
129,夜永唄,ラムダに対する見解,KAMI WA SAIKORO WO FURANAI,2019-05-22,270754,55,11,1,0.531,0.525,0.487,0.0,0.0935,-6.744,0.0406,134.9,4,0.521,night
130,天体観測,天体観測,BUMP OF CHICKEN,2001-03-14,264106,49,1,1,0.359,0.394,0.957,0.0,0.0904,-2.819,0.11,165.113,4,0.503,night
131,猫,僕たちがやりました,DISH//,2017-08-15,276040,67,3,1,0.506,0.113,0.769,0.0,0.0828,-5.326,0.0363,154.044,4,0.536,night
132,クロノスタシス,クロノスタシス,BUMP OF CHICKEN,2022-04-11,339870,64,0,1,0.699,0.0963,0.738,5.42e-05,0.163,-7.487,0.0259,120.001,4,0.671,night
133,Rainbow,Hot Sauce - The 1st Album,NCT DREAM,2021-05-10,231773,61,10,1,0.555,0.529,0.705,0.0,0.105,-4.314,0.0482,133.005,4,0.409,night
134,Another Day Goes By,Another Day Goes By,Lizabet,2022-01-31,241043,45,11,1,0.477,0.513,0.516,0.0,0.11,-6.607,0.0291,85.098,4,0.331,night
135,tonight,Life is Beautiful,HIRAIDAI,2016-06-15,249706,50,2,1,0.672,0.733,0.414,0.0,0.0908,-7.6,0.0292,76.001,4,0.396,night
136,Beautiful days,Beautiful days,ARASHI,2008-11-05,292432,47,0,1,0.576,0.239,0.816,0.0,0.47,-3.481,0.0328,120.04,4,0.728,night
137,Hold My Hand,Top Gun: Maverick (Music From The Motion Picture),Lady Gaga,2022-05-27,225280,75,7,1,0.53,0.0403,0.612,0.0,0.393,-4.286,0.0331,148.009,3,0.264,night
138,うたかた歌,うたかた歌,RADWIMPS,2021-08-06,350626,45,7,1,0.608,0.04,0.412,0.0,0.255,-5.655,0.0261,129.835,4,0.275,night
139,僕のミニ四駆,存在証明,ReN,2018-08-15,198106,28,6,1,0.748,0.678,0.48,0.0,0.103,-7.064,0.0436,92.987,4,0.736,night
140,Astronaut,Be Love,Kris Roche,2013-03-08,241880,16,1,1,0.606,0.007,0.836,0.000124,0.0938,-6.658,0.0345,100.015,4,0.585,night
141,Angel Baby,Angel Baby,Troye Sivan,2021-09-09,220779,83,11,1,0.559,0.0145,0.559,0.0,0.138,-6.425,0.0358,72.498,4,0.338,night
142,プラネタリウム,orbital period,BUMP OF CHICKEN,2007-12-19,332760,43,6,1,0.588,0.165,0.659,1.19e-05,0.0734,-5.698,0.0263,116.025,4,0.467,night
143,Think About You,Think About You,Joosiq,2021-09-22,212608,53,10,1,0.745,0.673,0.567,0.0,0.171,-4.888,0.0341,92.033,4,0.806,night
144,Sleepless Night,Sleepless Night,yama,2021-06-21,257306,42,9,1,0.467,0.233,0.549,0.0,0.115,-6.449,0.027,157.998,4,0.251,night
145,In The Stars,In The Stars,Benson Boone,2022-04-29,216410,86,10,1,0.362,0.338,0.54,0.0,0.139,-6.031,0.0528,78.007,3,0.3,night
146,Starboy,Starboy,The Weeknd,2016-11-25,230453,90,7,1,0.679,0.141,0.587,6.35e-06,0.137,-7.015,0.276,186.003,4,0.486,night
147,Strawberries & Cigarettes,Strawberries & Cigarettes,Troye Sivan,2018-03-16,201538,83,9,1,0.578,0.162,0.537,0.0,0.076,-8.676,0.0832,83.909,4,0.25,night
148,Say You Won't Let Go,Back from the Edge,James Arthur,2016-10-28,211466,86,10,1,0.358,0.695,0.557,0.0,0.0902,-7.398,0.059,85.043,4,0.494,night
149,Breathe,Breathe,kenzie,2017-09-27,208950,61,1,0,0.716,0.495,0.451,0.0,0.121,-6.423,0.0336,100.0,4,0.461,night
150,僕らまた,僕らまた,SG,2021-04-04,197307,66,10,1,0.679,0.713,0.298,0.0,0.0917,-13.374,0.168,77.91,4,0.698,night
151,Overdose,Overdose,Night to Lie,2022-08-17,271600,10,9,1,0.706,0.748,0.488,0.176,0.115,-12.643,0.0379,149.9,4,0.66,night
152,あーあ。,あーあ。,ReN,2021-04-09,168762,55,1,1,0.636,0.208,0.509,0.0,0.108,-8.079,0.0639,169.896,4,0.379,night
153,Night Changes,FOUR (Deluxe),One Direction,2014-11-17,226600,88,8,1,0.672,0.859,0.52,0.0,0.115,-7.747,0.0353,120.001,4,0.37,night
154,starting over,starting over,J SOUL BROTHERS III,2015-04-15,258626,35,4,1,0.508,0.516,0.564,0.0,0.146,-5.186,0.042,84.801,4,0.437,night
155,H.O.L.Y.,Dig Your Roots,Florida Georgia Line,2016-08-26,194186,71,7,0,0.523,0.401,0.666,0.0,0.0728,-4.081,0.0327,78.077,4,0.564,night
156,Don't Love U,Rover,Lazyy,2018-11-20,202545,8,6,1,0.736,0.738,0.481,0.0,0.11,-8.246,0.102,133.877,4,0.384,night
157,宝物,感情百景,wacci,2017-08-16,326693,51,2,1,0.5,0.00625,0.649,0.0,0.24,-4.567,0.0247,83.986,4,0.464,night
158,The Hardest,Who I Am,milet,2020-11-30,227213,41,0,1,0.557,0.693,0.384,0.0,0.102,-7.533,0.038,75.057,4,0.286,night
159,ONE IN A MILLION,TWICEcoaster : LANE1,TWICE,2017-02-24,175256,37,11,1,0.599,0.146,0.732,0.0,0.204,-2.468,0.0324,89.87,4,0.424,night
160,You Are The Reason,Only Human (Deluxe),Calum Scott,2018-03-09,204326,82,10,1,0.329,0.918,0.235,0.0,0.137,-7.699,0.0303,171.006,3,0.22,night
161,My Oh My,My Oh My,James Smith,2021-01-29,159381,59,10,0,0.398,0.598,0.493,0.0,0.121,-6.988,0.0728,92.548,5,0.345,night
162,Someone You Loved,Divinely Uninspired To A Hellish Extent,Lewis Capaldi,2019-05-17,182160,88,1,1,0.501,0.751,0.405,0.0,0.105,-5.679,0.0319,109.891,4,0.446,night
163,Stay With Me,In The Lonely Hour (Japanese Edition),Sam Smith,2014-01-01,172723,49,0,1,0.56,0.52,0.429,7.06e-05,0.105,-6.267,0.0377,85.036,4,0.161,night
164,彗星と街,彗星と街,Mel,2020-11-22,200727,50,6,1,0.606,0.228,0.58,0.0,0.137,-7.331,0.216,75.968,4,0.798,night
165,僕は今日も,strobo,Vaundy,2020-05-27,327547,0,7,1,0.554,0.269,0.552,4.04e-06,0.171,-5.89,0.033,139.996,4,0.291,night
166,Bye by me,strobo,Vaundy,2020-05-27,242415,0,0,1,0.634,0.375,0.655,1.41e-05,0.109,-4.333,0.0229,96.016,4,0.691,night
167,怪獣の花唄,strobo,Vaundy,2020-05-27,224806,0,2,1,0.425,0.00361,0.939,0.0,0.331,-3.498,0.054,150.015,4,0.638,night
168,そよ風,そよ風,SHISE,2020-12-26,190909,49,6,1,0.758,0.811,0.365,0.000909,0.12,-8.198,0.0704,77.058,4,0.496,night
169,寄り酔い,寄り酔い,和ぬか,2021-02-15,216959,58,6,0,0.591,0.14,0.665,0.00103,0.382,-6.525,0.153,118.195,4,0.694,night
170,世界の秘密,世界の秘密,Vaundy,2020-12-27,221250,0,6,0,0.683,0.142,0.53,0.0,0.0978,-6.749,0.0614,159.969,4,0.823,night
171,夢の恋人,夢が醒めたら,ZOOKARADERU,2018-11-21,200386,0,9,1,0.698,0.191,0.684,9.9e-06,0.133,-4.64,0.0353,122.025,4,0.557,night
172,Fall In Love,Fall In Love,TEN's UNIQUE,2021-01-01,266373,37,8,1,0.66,0.194,0.703,0.0,0.054,-6.036,0.0303,90.809,4,0.777,night
173,青春日記,青春日記,Ryukku to Soine Gohan,2020-03-04,209440,50,10,0,0.556,0.0597,0.719,0.000315,0.0728,-5.376,0.0845,99.164,4,0.535,night
174,imagine if,we,gnash,2019-01-11,197216,62,8,1,0.907,0.568,0.452,0.0,0.244,-6.673,0.187,92.063,4,0.691,night
175,東京フラッシュ,strobo,Vaundy,2020-05-27,258858,0,2,1,0.628,0.00255,0.634,7.24e-06,0.0456,-5.508,0.0322,97.99,4,0.606,night
176,life hack,strobo,Vaundy,2020-05-27,226443,0,11,0,0.711,0.0233,0.655,0.00045,0.115,-5.987,0.047,90.981,4,0.759,night
177,不可幸力,strobo,Vaundy,2020-05-27,200243,1,11,0,0.69,0.0157,0.815,2.85e-06,0.0636,-5.227,0.0426,94.032,4,0.613,night
178,アンコール,THE BOOK,YOASOBI,2021-01-06,271440,66,2,1,0.682,0.283,0.669,1e-06,0.145,-4.741,0.0275,81.999,4,0.831,night
179,琥珀色の街、上海蟹の朝,琥珀色の街、上海蟹の朝,Quruli,2016-07-06,317066,54,5,1,0.698,0.0582,0.607,2.3e-05,0.62,-8.744,0.0369,90.011,4,0.723,night
180,My Way,Def Tech,Def Tech,2005-01-22,305000,58,6,1,0.816,0.321,0.719,0.0,0.139,-7.064,0.108,100.023,4,0.635,night
181,Shape of You,÷ (Deluxe),Ed Sheeran,2017-03-03,233712,86,1,0,0.825,0.581,0.652,0.0,0.0931,-3.183,0.0802,95.977,4,0.931,night
182,I'm Not The Only One,In The Lonely Hour (Japanese Edition),Sam Smith,2014-01-01,239316,47,5,1,0.688,0.49,0.474,4.48e-06,0.0846,-5.894,0.0344,81.976,4,0.482,night
183,灯火,strobo,Vaundy,2020-05-27,178892,0,4,1,0.627,0.0418,0.67,0.00213,0.0818,-6.619,0.0368,110.004,4,0.537,night
184,恋人ごっこ,hope,Macaroni Empitsu,2020-04-01,200219,66,1,1,0.438,0.124,0.646,0.0,0.0603,-5.301,0.0361,102.033,4,0.745,night
185,Bluma to Lunch,BLOOM SQUAD,BLOOM VASE,2020-12-19,159040,61,7,1,0.756,0.034,0.726,0.000455,0.119,-5.388,0.0489,123.98,4,0.792,night
186,東京の冬,東京の冬,A夏目,2021-02-10,188869,0,6,0,0.496,0.0491,0.832,0.0,0.169,-6.603,0.0445,90.378,4,0.387,night
187,水流のロック,瞼瞼,Natsuko Nisshoku,2014-08-20,179173,4,11,1,0.693,0.714,0.633,5.05e-05,0.149,-4.947,0.0338,150.043,4,0.894,night
188,Love Yourself,Purpose (Deluxe),Justin Bieber,2015-11-13,233720,85,4,1,0.609,0.835,0.378,0.0,0.28,-9.828,0.438,100.418,4,0.515,night
189,,,Various Artists,0000,0,0,1,0,0.549,0.0856,0.498,0.0,0.732,-7.06,0.0322,87.993,4,0.466,night
190,YY,YY,ロイ-RöE-,2021-07-21,202832,49,3,1,0.589,0.00342,0.78,0.0105,0.37,-5.047,0.0389,129.992,4,0.631,night
191,アカリ,アカリ,GReeeeN,2021-07-26,177306,53,1,1,0.58,0.118,0.793,0.0,0.157,-7.383,0.135,170.045,4,0.567,night
192,たぶんMaybe明治 feat. あ、たぎれんたろう,レキシチ,Rekishi,2022-04-20,211746,48,11,0,0.78,0.0281,0.753,4.2e-06,0.126,-4.011,0.0396,114.014,4,0.888,night
193,魔法にかけられて,魔法にかけられて,Saucy Dog,2022-03-25,254934,62,7,1,0.608,0.546,0.581,3.44e-06,0.124,-5.399,0.0271,82.005,4,0.572,night
194,眩光,あの日、あの場所/眩光,WANIMA,2022-04-14,214245,60,6,1,0.405,0.000918,0.968,6.25e-06,0.366,-2.425,0.0669,194.957,4,0.509,night
195,HAPPY TEARS - feat. Aile The Shota,HAPPY TEARS (feat. Aile The Shota),Novel Core,2022-04-06,200640,48,6,1,0.81,0.657,0.764,0.00026,0.091,-5.554,0.0337,104.959,4,0.703,night
196,100万回の「I love you」,100万回の「I love you」,Rake,2011-03-09,240680,0,8,1,0.568,0.164,0.889,0.0,0.208,-3.585,0.0419,113.994,4,0.545,night
197,I wanna see you,阿部真央ベスト,Mao Abe,2019-01-23,214666,35,3,1,0.621,0.0199,0.663,0.0,0.0651,-4.027,0.0276,128.036,4,0.632,night
198,スターラブレイション,ケラケライフ,Kera Kera,2013-10-16,275880,55,4,1,0.584,0.0532,0.986,0.000655,0.019,-0.385,0.0755,144.025,4,0.583,night
199,できっこないを やらなくちゃ,きみのためにつよくなりたい,Sambomaster,2010-04-21,215413,0,9,1,0.371,7.21e-05,0.976,0.0,0.104,-2.19,0.0668,139.789,4,0.626,night
200,トリコ,トリコ / Relax & Chill,Nissy,2018-09-30,232439,57,2,1,0.632,0.0855,0.799,0.0,0.061,-3.436,0.036,90.016,4,0.719,night
201,START IT AGAIN,Road to The Independent King,AK-69,2013-12-04,228333,35,9,1,0.719,0.22,0.862,0.0,0.113,-4.679,0.0458,93.012,4,0.712,night
202,喜劇,喜劇,Gen Hoshino,2022-04-08,230666,66,1,0,0.676,0.0322,0.461,1.01e-06,0.358,-6.746,0.143,87.917,4,0.715,night
203,うるうびと,余命10年 (Original Soundtrack),RADWIMPS,2022-03-04,318880,63,11,1,0.489,0.401,0.522,0.0,0.238,-5.291,0.0306,78.035,4,0.43,night
204,できっこないを やらなくちゃ,できっこないを やらなくちゃ,Sambomaster,2010-02-24,219506,0,9,1,0.424,0.000172,0.975,0.0,0.119,-4.136,0.0704,139.914,4,0.568,night
205,純恋歌,純恋歌,Shonan No Kaze,2006-03-08,431426,45,0,1,0.293,0.215,0.71,0.0,0.0979,-6.244,0.0548,83.776,1,0.268,night
206,CRAZY FOR YOU,17,Kylee,2011-11-23,238733,0,8,1,0.46,0.599,0.767,1.57e-05,0.126,-1.678,0.0481,161.912,4,0.586,night
207,きらきら,きらきら,もさを。,2020-09-07,180000,60,11,1,0.688,0.376,0.753,0.0,0.232,-3.681,0.0302,105.016,4,0.622,night
208,you too,you too,ao,2021-11-24,243676,35,9,1,0.47,0.0406,0.684,0.0045,0.125,-5.711,0.0491,114.953,4,0.189,night
209,Happy Halloween,Happy Halloween,Junky,2018-10-19,246030,39,0,1,0.667,0.000526,0.866,3.69e-05,0.17,-7.048,0.0381,120.007,4,0.67,night
210,彗星ハネムーン,ナユタン星からの物体Z,Nayutalien,2018-08-29,210600,49,11,0,0.557,0.00507,0.94,6.3e-06,0.0546,-1.612,0.0584,145.007,4,0.681,night
211,Habit,Habit,SEKAI NO OWARI,2022-04-28,253153,76,10,0,0.749,0.203,0.85,0.0,0.18,-5.39,0.126,117.968,4,0.912,night
212,夜空。,夜空。/ストレスフリー,miwa,2015-08-12,314826,32,7,0,0.403,0.836,0.69,0.0,0.5,-5.926,0.0525,167.999,4,0.295,night
213,創聖のアクエリオン,「創聖のアクエリオン」オープニングテーマ 創聖のアクエリオン,AKINO,2005-04-27,283633,55,6,0,0.505,0.095,0.888,0.0,0.357,-4.553,0.0448,151.088,4,0.594,night
214,大切,ファンキーモンキーベイビーズ 4,FUNKY MONKEY BABYS,2011-12-21,323440,49,3,1,0.566,0.223,0.766,0.0,0.1,-3.824,0.0365,153.011,4,0.632,night
215,おかえり,Memories,Tani Yuuki,2021-12-08,225828,63,5,1,0.337,0.591,0.775,0.0,0.0687,-4.134,0.0609,167.988,3,0.862,night
216,悲しみなんて笑い飛ばせ,ファンキーモンキーベイビーズ 4,FUNKY MONKEY BABYS,2011-12-21,314800,52,10,1,0.506,0.0238,0.988,0.0,0.288,-1.726,0.0528,168.055,4,0.857,night
217,なぁ,なぁ,YOAKE,2021-06-30,194344,63,0,1,0.599,0.0431,0.673,0.0,0.0987,-6.723,0.07,169.991,4,0.823,night
218,バイマイフレンド,生活に、寄り添い.,bokula.,2022-05-04,241693,51,0,1,0.604,0.0122,0.793,0.0,0.121,-4.22,0.0326,105.994,4,0.854,night
219,愛を伝えたいだとか,青春のエキサイトメント,Aimyon,2017-09-12,235240,65,2,1,0.673,0.0345,0.85,1.14e-05,0.0943,-5.021,0.0337,100.008,4,0.793,night
220,カラノココロ,anly one,Anly,2017-04-26,264226,59,2,1,0.622,0.147,0.866,0.00497,0.148,-6.313,0.0507,109.934,4,0.633,night
221,異世界混合大舞踏会 (feat. おばけ),異世界混合大舞踏会 (feat. おばけ),Gen Hoshino,2022-07-18,225533,64,11,0,0.829,0.0142,0.751,0.014,0.0414,-4.937,0.0645,129.993,4,0.96,night
222,ウミユリ海底譚,花と水飴、最終電車,n-buna,2015-07-22,236068,53,0,0,0.6,0.166,0.966,2.02e-06,0.324,-3.228,0.0431,120.008,4,0.965,night
223,あたしを彼女にしたいなら,女子、ジョーキョー。,Koresawa,2015-12-16,244240,46,9,1,0.636,0.00515,0.736,4.54e-05,0.151,-5.628,0.0326,131.906,4,0.736,night
224,渡月橋 ~君 想ふ~,倉木麻衣×名探偵コナン COLLABORATION BEST 21 -真実はいつも歌にある!-,Mai Kuraki,2021-03-06,245533,51,4,0,0.626,0.666,0.785,0.0,0.0619,-4.976,0.0317,94.022,4,0.768,night
225,Pellicule,Pellicule,不可思議/wonderboy,2011-05-04,194037,54,1,1,0.827,0.51,0.583,0.0,0.128,-4.433,0.133,88.007,4,0.532,night
226,Lovers,アンサーパレード,sumika,2016-05-25,250800,62,11,1,0.606,0.0657,0.919,0.0,0.297,-2.024,0.0318,114.474,4,0.766,night
227,热爱105°C的你,热爱105°C的你,早稻叽,2021-07-22,196597,51,1,1,0.833,0.695,0.533,0.000167,0.151,-8.383,0.0423,136.933,4,0.654,night
228,スーパー愛したい,スペースシャトルで君の家まで,neguse.,2021-10-13,247321,55,9,1,0.687,0.238,0.646,0.0,0.0652,-5.732,0.03,96.089,4,0.814,night
229,LOST LOVE,LOST LOVE,Lil Leon,2021-09-25,198375,25,8,1,0.721,0.655,0.825,1.26e-05,0.12,-4.43,0.0496,159.991,4,0.951,night
230,W / X / Y,Memories,Tani Yuuki,2021-12-08,278118,76,2,1,0.628,0.159,0.775,0.0,0.33,-4.479,0.0535,106.382,3,0.674,night
231,Crayon,Crayon,ZOT on the WAVE,2022-02-04,176680,64,8,1,0.791,0.157,0.859,3.71e-06,0.446,-4.524,0.0448,140.017,4,0.946,night
232,Cinema,Nobody's Station,O.A.KLAY,2022-02-11,177687,61,7,1,0.784,0.506,0.826,0.0,0.138,-5.282,0.0389,124.044,4,0.764,night
233,High School Dropout,Yours,DADA,2021-08-06,168148,56,7,1,0.717,0.374,0.721,0.0,0.133,-4.95,0.061,162.028,4,0.37,night
234,100MILLION - REMIX,100MILLION (REMIX),舐達麻,2019-12-06,254574,51,5,0,0.506,0.171,0.681,2.47e-06,0.101,-5.967,0.355,83.379,4,0.768,night
235,Phone,Phone,HITOMIN,2019-07-20,178500,58,2,1,0.819,0.208,0.478,7.93e-05,0.103,-7.828,0.0364,99.988,4,0.236,night
236,Sugar Baby,Sugar Baby,L-Baby,2020-12-27,201567,52,8,1,0.746,0.488,0.404,0.00106,0.175,-6.369,0.142,76.927,4,0.244,night
237,happy end -2021-,happy end -2021-,心之助,2021-12-25,258499,23,1,0,0.662,0.303,0.84,0.0,0.305,-4.973,0.0393,87.974,4,0.669,night
238,ALL GODS BLESS ME,RYKEYDADDYDIRTY,RYKEYDADDYDIRTY,2022-03-08,197241,56,1,1,0.725,0.157,0.738,0.0,0.0741,-4.858,0.343,86.973,4,0.691,night
239,少年,少年,SOUTH BLUE,2020-12-14,183530,44,7,1,0.59,0.768,0.695,0.0,0.121,-6.232,0.0412,184.025,4,0.849,night
240,Kamisama,Kamisama,TEN's UNIQUE,2021-01-13,230000,37,0,1,0.594,0.671,0.622,1.1e-06,0.101,-7.569,0.236,168.019,4,0.786,night
241,変わらないで,変わらないで,15MUS,2022-02-23,214050,38,5,1,0.745,0.84,0.84,8.59e-05,0.121,-4.882,0.0459,100.015,4,0.726,night
242,Luv Ya,THE MESSAGE 4,MC Tyson,2021-12-17,180125,36,0,1,0.749,0.405,0.8,0.0,0.146,-3.746,0.068,101.045,4,0.497,night
243,FEELINGS,FEELINGS,3House,2021-08-25,110424,55,8,1,0.708,0.637,0.445,6.36e-06,0.11,-9.269,0.0569,73.019,4,0.817,night
244,SAYONARA,STRONGER,HITOMIN,2020-07-26,211755,53,0,1,0.646,0.0885,0.793,0.0,0.337,-3.838,0.0616,164.968,4,0.234,night
245,WHERE IS THE LOVE?,WHERE IS THE LOVE?,Shurkn Pap,2020-01-17,159134,49,1,1,0.649,0.00364,0.636,0.0544,0.406,-7.207,0.106,172.045,4,0.558,night
246,愛言葉,Memories,Tani Yuuki,2021-12-08,286546,66,0,1,0.602,0.422,0.58,0.0,0.352,-6.029,0.0327,148.079,4,0.323,night
247,FOREVER,THE MESSAGE Ⅲ,MC Tyson,2020-12-18,166830,51,2,1,0.638,0.0698,0.829,0.000132,0.375,-4.696,0.0438,159.906,4,0.493,night
248,愛とか恋とか,愛とか恋とか,Novelbright,2022-04-15,232476,67,6,1,0.696,0.695,0.547,0.0,0.0985,-5.088,0.0401,90.03,4,0.423,night
249,ハレンチ,ハレンチ,CHANMINA,2021-09-24,198709,55,11,0,0.713,0.0469,0.869,1.33e-06,0.383,-6.002,0.0519,120.021,4,0.56,night
250,美人,美人,CHANMINA,2021-03-19,158621,51,1,1,0.796,0.0109,0.733,4.16e-06,0.24,-5.995,0.0986,94.998,4,0.412,night
251,IKIJIBIKI,ANTI ANTI GENERATION,RADWIMPS,2018-12-12,229733,47,8,1,0.382,4.46e-05,0.991,0.0,0.232,-2.623,0.0924,175.992,4,0.513,night
252,Exp.,DOORS,13ELL,2017-12-26,229714,34,1,1,0.627,0.649,0.828,0.0,0.0768,-4.604,0.0386,139.996,4,0.657,night
253,Model,Model,YRD Leo,2020-01-06,120111,51,11,1,0.594,0.76,0.626,0.0,0.148,-6.928,0.0366,160.022,4,0.125,night
254,おわかれ,おわかれ,Hiplin,2022-02-23,224403,29,9,1,0.474,0.0191,0.563,0.0,0.0914,-6.226,0.0776,71.112,4,0.538,night
255,Bye,Bye,YRD Leo,2021-09-17,142516,56,10,0,0.663,0.0123,0.744,0.0,0.089,-6.576,0.0354,149.982,4,0.519,night
256,1st take,Auto Seeds,Zirafu,2020-06-18,200820,5,11,0,0.68,0.181,0.8,0.0,0.354,-6.324,0.0423,128.969,4,0.547,night
257,Over Friends,Auto Seeds,Zirafu,2020-06-18,192853,7,6,1,0.715,0.59,0.649,0.0,0.129,-7.074,0.0366,136.869,4,0.34,night
258,AM2:00drive,AM2:00drive,KeeP,2021-04-17,162000,55,1,1,0.777,0.384,0.427,0.0,0.106,-14.49,0.37,145.008,4,0.688,night
259,Super Car,Mobb Life,BAD HOP,2017-09-06,216001,14,10,0,0.611,0.0763,0.656,0.0,0.0933,-6.305,0.13,139.975,4,0.347,night
260,Asian Doll,Mobb Life,BAD HOP,2017-09-06,286879,21,3,0,0.767,0.0182,0.69,0.0,0.118,-4.711,0.0582,140.051,4,0.294,night
261,Dear Family,Dear Family,Red Eye,2019-05-08,199577,0,9,1,0.43,0.0265,0.744,0.0,0.104,-5.078,0.194,170.539,4,0.315,night
262,BUDS MONTAGE,BUDS MONTAGE,Various Artists,2020-07-30,286759,55,11,0,0.609,0.336,0.728,0.0,0.144,-6.649,0.331,83.323,4,0.558,night
263,3LDK,Mobb Life,BAD HOP,2017-09-06,215201,13,0,1,0.708,0.102,0.785,0.0,0.145,-3.873,0.0358,100.015,4,0.327,night
264,そんなもんだ,色んな所へ行こう,心之助,2019-04-30,152600,36,6,0,0.674,0.285,0.902,0.0,0.31,-4.398,0.18,103.934,4,0.612,night
265,友達と呼ぶのでしょう,White Songs,心之助,2020-12-25,243572,32,7,1,0.76,0.382,0.655,0.0,0.331,-7.688,0.0407,99.989,4,0.516,night
266,わかってるよ。,わかってるよ。,さんひ,2021-06-16,294006,42,2,1,0.682,0.596,0.493,0.0,0.0958,-8.53,0.0602,78.0,4,0.323,night
267,運命,Break myself,KeeP,2021-09-18,204246,47,9,1,0.732,0.716,0.764,5.23e-06,0.119,-5.014,0.147,72.996,4,0.427,night
268,DOWN,Yours,DADA,2021-08-06,166896,51,7,0,0.689,0.268,0.683,1.81e-06,0.0392,-6.21,0.209,174.06,4,0.631,night
269,SCRAMBLE,SCRAMBLE,Matt Cab,2021-11-26,167521,43,2,1,0.498,0.163,0.902,0.0,0.252,-3.232,0.0401,175.121,4,0.791,night
270,unknowns,unknowns,O.A.KLAY,2022-01-01,316223,27,4,0,0.678,0.141,0.886,0.0,0.122,-3.911,0.0503,104.028,4,0.432,night
271,Nasty Nasty Girl,The Message,MC Tyson,2016-08-10,265506,20,6,1,0.705,0.0594,0.708,1.44e-06,0.129,-6.724,0.0893,169.964,4,0.565,night
272,Never Grow Up,Never Grow Up,CHANMINA,2019-08-07,196253,62,10,1,0.805,0.145,0.858,2.66e-05,0.0686,-4.532,0.059,105.021,4,0.483,night
273,すきにやる,ZIP ROCK STAR,HENTAI SHINSHI CLUB,2017-11-20,217037,0,1,1,0.7,0.149,0.69,0.0,0.156,-7.016,0.0907,93.132,4,0.71,night
274,ドライフラワー,ドライフラワー,Yuuri,2020-10-25,285586,68,7,1,0.463,0.426,0.624,0.0,0.221,-5.118,0.0274,147.929,4,0.521,night
275,December 24,December 24,リルジャップ,2020-11-18,178326,43,6,1,0.711,0.378,0.523,0.000101,0.138,-10.156,0.0632,161.895,4,0.634,night
276,High Land,BAD HOP WORLD,BAD HOP,2020-08-07,248826,0,8,0,0.72,0.0283,0.867,0.0,0.125,-6.12,0.0442,147.917,4,0.635,night
277,PLAYBOY,Sounds Good,CREAM,2018-09-19,200268,53,5,1,0.855,0.106,0.657,0.0,0.0803,-4.856,0.0599,99.037,4,0.669,night
278,カタオモイ,daydream,Aimer,2016-09-21,207360,68,1,1,0.621,0.78,0.533,0.0,0.333,-5.974,0.0342,96.981,4,0.791,night
279,交差点 DUB,LIGHT -ALL JAPANESE DUB MIX- DISC 1,LIFE STYLE,2020-09-02,99828,47,1,1,0.591,0.448,0.615,0.0,0.108,-4.712,0.063,186.113,4,0.917,night
280,俺と一緒になってくれ,HOPE,心之助,2018-07-18,279933,41,0,1,0.659,0.75,0.651,0.0,0.212,-5.427,0.038,84.984,4,0.593,night
281,一人じゃない,Episode III,百足,2021-08-01,176156,38,8,1,0.686,0.131,0.899,0.0,0.148,-3.313,0.0997,151.984,4,0.687,night
282,春夏秋冬,リサイタル,Hilcrhyme,2010-01-13,297640,54,7,1,0.501,0.66,0.783,0.0,0.206,-4.607,0.0684,139.887,4,0.458,night
283,Bushido,Fast & Furious 9: The Fast Saga (Original Motion Picture Soundtrack),Various Artists,2021-06-17,193207,49,11,1,0.8,0.253,0.746,0.000136,0.0809,-2.523,0.0727,158.985,4,0.281,night
284,UP IN SMOKE,磊,MONYPETZJNKMN,2017-05-17,248119,4,9,0,0.655,0.254,0.78,0.0,0.662,-3.675,0.146,82.992,4,0.626,night
285,BANANA,LOVE + PARTY,CREAM,2019-12-25,177050,54,11,1,0.869,0.603,0.81,0.0,0.0672,-5.153,0.0453,100.005,4,0.928,night
286,was good day - Remix,was good day (Remix),罰当,2018-08-30,193392,45,9,1,0.748,0.209,0.702,0.0,0.0526,-4.312,0.0452,91.98,4,0.432,night
287,噂のBITCH,Uncensored,SLOTH,2017-09-13,219999,0,5,1,0.612,0.403,0.777,0.0,0.732,-5.294,0.321,92.979,4,0.622,night
288,BAKI,Soul Plane,KOH,2020-02-07,166000,45,5,1,0.82,0.314,0.716,0.0,0.0938,-5.564,0.0903,107.017,4,0.387,night
289,悪我鬼,悪我鬼,Eric.B.Jr,2019-09-19,169134,46,3,0,0.824,0.136,0.644,0.0,0.085,-4.059,0.0856,99.981,4,0.555,night
290,Ninja,Ninja,¥ellow Bucks,2019-09-25,176433,42,9,1,0.844,0.528,0.673,0.00202,0.113,-5.888,0.0788,143.03,4,0.346,night
291,incoming call,incoming call,Rfly,2020-03-18,183436,44,4,1,0.849,0.654,0.516,0.0,0.0785,-8.177,0.0595,96.002,4,0.633,night
292,body,body,HITOMIN,2019-07-14,208048,46,3,0,0.649,0.517,0.471,0.000367,0.138,-8.102,0.0322,82.015,4,0.181,night
293,Chill桜,Chill,TOM,2020-09-04,185859,42,0,1,0.791,0.481,0.649,0.0,0.112,-7.483,0.0495,95.014,4,0.551,night
294,STAY YOUNG,PLASTIC TAPE,AMBR,2020-03-01,178628,33,1,0,0.729,0.0176,0.736,1.14e-06,0.107,-6.228,0.0576,87.536,4,0.206,night
295,Benz i Lauren,XD (SIDE-D),week dudus,2019-12-30,142972,45,2,1,0.969,0.0948,0.679,0.00638,0.113,-6.29,0.271,120.021,4,0.563,night
296,If I Die,LIVE : live,AK-69,2020-08-02,286106,40,11,0,0.688,0.0962,0.647,0.0,0.148,-5.142,0.0496,90.031,4,0.137,night
297,Chocolate,CHOCOLATE,CHANMINA,2017-11-15,182466,55,0,1,0.795,0.0614,0.742,2.64e-06,0.0669,-4.722,0.0556,92.002,4,0.267,night
298,LADY,未成年,CHANMINA,2017-03-08,210733,48,0,1,0.482,0.29,0.67,3.06e-06,0.316,-5.264,0.235,97.85,4,0.882,night
299,alarm,alarm,KeeP,2021-02-27,141126,44,4,1,0.606,0.675,0.514,0.0,0.125,-13.109,0.201,159.944,4,0.347,night
300,Lonely,incoming call,Rfly,2020-03-18,169434,38,9,1,0.768,0.783,0.68,0.000128,0.153,-8.586,0.0357,92.055,4,0.798,night
301,Last Dance,Last Dance,(sic)boy,2021-08-04,158343,45,11,1,0.496,0.0245,0.778,0.0,0.237,-5.086,0.0574,159.869,4,0.654,night
302,PORSCHEでKISS,PORSCHEでKISS,t-Ace,2019-03-20,198900,48,7,1,0.729,0.0126,0.646,2.24e-06,0.259,-5.008,0.0355,99.989,4,0.565,night
303,CHU HI,CHU HI,MIYACHI,2021-08-20,176051,37,8,0,0.85,0.102,0.72,3.29e-05,0.354,-6.981,0.0615,119.992,4,0.621,night
304,GILA GILA,GILA GILA,Awich,2021-07-30,251818,56,11,1,0.854,0.0307,0.789,0.0,0.307,-5.996,0.217,132.02,4,0.443,night
305,CBD(Remix) (feat. Red Eye & D.O),CBD(Remix) (feat. Red Eye & D.O),KOHH,2021-08-20,301074,51,1,1,0.928,0.0516,0.393,0.0,0.0553,-9.486,0.367,127.961,4,0.526,night
306,And I Love You So,THE CARTEL FROM STREETS,AK-69,2009-09-02,377239,51,6,0,0.624,0.0654,0.723,0.0,0.108,-5.162,0.0287,143.975,4,0.278,night
307,HeRO,13WonderLand,Lil King,2020-07-23,166666,28,11,1,0.621,0.555,0.822,0.0,0.149,-5.775,0.0653,180.047,4,0.603,night
308,3150 〜最高〜,Visual Trance Trap,Nidra Assassin,2020-06-19,104960,17,11,0,0.752,0.551,0.869,0.0,0.148,-1.923,0.146,152.066,4,0.648,night
309,Chevy,Make U Dirty,MUD,2017-07-26,197028,37,6,1,0.793,0.334,0.713,0.0,0.405,-4.698,0.309,152.031,4,0.793,night
310,Suicide,BAD HOP WORLD,BAD HOP,2020-08-07,202810,40,9,1,0.691,0.00922,0.526,0.0,0.155,-8.213,0.0484,144.044,4,0.437,night
311,Hangover - Cover,Hangover (Cover),Repezen Foxx,2021-08-06,204000,0,1,1,0.812,0.185,0.637,0.000886,0.165,-7.37,0.07,105.013,4,0.484,night
312,Flyday Chinatown,Flyday Chinatown,EVADE FROM 宇宙,2021-01-22,135004,67,7,0,0.441,0.173,0.839,0.915,0.233,-7.534,0.224,128.407,4,0.9,night
313,Let's Get Eat,APOSTROPHE,T-STONE,2019-10-23,158995,45,9,1,0.896,0.353,0.45,0.0,0.102,-11.738,0.217,139.994,4,0.584,night
314,"10,000 Hours","10,000 Hours",Keeneng,2019-10-12,164726,14,10,1,0.616,0.154,0.594,7.75e-05,0.139,-6.678,0.0332,179.945,4,0.432,night
315,High Wall,past & highway,guca owl,2021-06-26,237386,46,5,0,0.752,0.666,0.655,0.0,0.0977,-7.091,0.0968,94.97,4,0.925,night
316,Come On Baby,HOOD DREAMS,MaisonDe,2021-02-12,127528,37,1,1,0.844,0.0322,0.506,0.000549,0.0722,-9.535,0.235,97.045,4,0.637,night
317,ソラブネ,CHANGES 2,DJ COH,2021-03-12,220389,20,1,1,0.702,0.143,0.752,0.232,0.0967,-6.257,0.0512,97.653,4,0.428,night
318,PAPER SHIT,T.B.T.H,eyden,2022-01-02,198055,47,0,1,0.937,0.281,0.38,0.0,0.0665,-10.6,0.537,140.019,4,0.871,night
319,Smash!!!,Smash!!!,DJ KANJI,2021-05-25,118360,45,10,1,0.798,0.398,0.704,0.0,0.362,-7.345,0.11,138.082,4,0.889,night
320,Stronger,THE ANTHEM,AK-69,2019-02-27,243040,46,5,1,0.635,0.0515,0.574,0.0,0.16,-6.911,0.0451,85.999,4,0.316,night
321,XXな関係,PURPLE,心之助,2021-08-30,157840,27,7,1,0.773,0.0586,0.796,3.76e-06,0.0583,-2.969,0.0532,99.992,4,0.594,night
322,Unlimited,Unlimited,BLOOM VASE,2021-12-17,166666,24,1,0,0.739,0.497,0.779,1.27e-06,0.131,-3.559,0.0395,89.975,4,0.407,night
323,My Vision - Piano Ver.,My Vision (Piano Ver.),心之助,2022-02-14,254000,19,11,1,0.551,0.726,0.454,1.28e-06,0.206,-11.102,0.0715,176.084,4,0.316,night
324,GAL - Mixed,FTL Mixtape vol.2 (mixed by Thlive - DJMIX),Thlive,2021-11-30,146629,40,1,1,0.826,0.00439,0.453,0.0,0.372,-12.285,0.336,156.307,4,0.807,night
325,Diary,Diary,SEKAI NO OWARI,2021-12-14,242650,53,11,1,0.344,0.67,0.454,3.16e-06,0.256,-6.723,0.0308,120.033,3,0.39,night
326,ハート,ハート,Aimyon,2021-10-20,271280,64,6,1,0.661,0.543,0.448,0.0,0.0818,-5.761,0.0522,78.114,4,0.299,night
327,もぐらの唄,もぐらのアルバム,Express,2014-01-29,329740,48,1,0,0.567,0.041,0.835,7.76e-06,0.113,-2.895,0.0952,179.969,4,0.59,night
328,ハジマリ,ハジマリ,GADORO,2020-03-11,282791,30,8,1,0.546,0.477,0.678,2.76e-06,0.0975,-7.627,0.335,167.677,4,0.815,night
329,2022,2022,虎韻,2022-01-16,138461,46,5,0,0.809,0.421,0.751,0.0,0.134,-4.417,0.0893,90.947,4,0.572,night
330,裸の心,おいしいパスタがあると聞いて,Aimyon,2020-09-09,296653,62,8,1,0.559,0.537,0.448,1.85e-05,0.0915,-4.11,0.0275,148.02,4,0.354,night
331,未完成,未完成,Leo Ieiri,2020-01-29,240546,52,7,1,0.66,0.163,0.722,0.0,0.306,-3.525,0.0344,90.116,4,0.425,night
332,Enemy,Yours,DADA,2021-08-06,180200,47,1,1,0.705,0.464,0.599,0.0,0.185,-4.789,0.0551,74.989,4,0.311,night
333,太陽と空,太陽と空,心之助,2017-05-02,252000,34,8,1,0.629,0.148,0.868,0.0,0.0827,-5.032,0.0624,99.974,4,0.677,night
334,春空,春空,鈴木鈴木,2022-02-28,254297,52,7,1,0.539,0.628,0.57,0.0,0.339,-4.876,0.0453,79.974,4,0.459,night
335,正解 - 18FES ver.,ANTI ANTI GENERATION,RADWIMPS,2018-12-12,357426,58,9,1,0.465,0.847,0.384,0.0,0.196,-7.265,0.0269,82.351,4,0.35,night
336,香水,香水,Eito,2019-04-21,252594,52,3,1,0.848,0.824,0.352,0.0,0.0906,-6.838,0.041,121.833,4,0.776,night
337,奏(かなで),奏(かなで),Sukima Switch,2004-03-10,329000,38,10,1,0.519,0.417,0.67,7.9e-05,0.173,-6.364,0.0261,150.021,4,0.54,night
338,ひまわりの約束,青の光景,Motohiro Hata,2015-12-16,308146,62,10,1,0.523,0.188,0.445,0.0,0.18,-6.359,0.0329,78.957,4,0.336,night
339,The Next Episode,2001,Dr. Dre,1999-11-16,161506,81,10,0,0.922,0.0281,0.909,0.0,0.0856,-2.429,0.27,95.295,4,0.309,night
340,Me Too,The Plain,KOWICHI,2016-10-12,197880,40,11,1,0.821,0.00307,0.662,0.0,0.0827,-6.191,0.0337,105.025,4,0.815,night
341,SAIL AWAY,SAIL AWAY,心之助,2022-04-04,170253,26,11,0,0.661,0.000857,0.904,0.0,0.0504,-4.537,0.0936,92.449,4,0.96,night
342,Earth,Earth,Lil Dicky,2019-04-18,281500,63,2,1,0.694,0.639,0.664,0.0,0.0929,-4.649,0.05,95.941,4,0.676,night
343,first love,Sounds Good,CREAM,2018-09-19,183804,45,2,1,0.771,0.286,0.502,0.0,0.0988,-8.078,0.143,96.999,4,0.261,night
344,Trip,Bad Bitch,HITOMIN,2019-09-20,284250,52,5,1,0.649,0.0797,0.713,0.0,0.112,-3.533,0.0336,100.056,4,0.326,night
345,TOKIOKI,Chawalit,Tokyo Young Vision,2021-07-09,273614,42,9,0,0.766,0.159,0.676,0.0,0.104,-5.817,0.175,100.1,4,0.425,night
346,COZY LIFE,COZY LIFE TAPE VOL.1,Tim Pepperoni,2022-01-23,155590,21,6,0,0.558,0.000891,0.829,0.0,0.189,-4.451,0.104,160.723,4,0.416,night
347,I LIKE IT,BABY MODE,Billy Laurent,2021-07-31,163000,39,5,1,0.837,0.432,0.511,0.0,0.125,-8.159,0.155,89.986,4,0.525,night
348,See You Again (feat. Charlie Puth),See You Again (feat. Charlie Puth),Wiz Khalifa,2015,229525,82,10,1,0.689,0.369,0.481,1.03e-06,0.0649,-7.503,0.0815,80.025,4,0.283,night
349,口に出して,口に出して,Awich,2021-08-27,143195,39,6,0,0.921,0.0219,0.665,0.0,0.0643,-6.297,0.165,96.017,4,0.729,night
350,超ヤバい,おとな。,t-Ace,2017-11-15,195588,51,2,1,0.775,0.327,0.683,0.0,0.333,-3.853,0.0403,102.025,4,0.655,night
351,Bitch Tomorrow,The Gold,Hawk,2021-05-10,161868,43,5,1,0.711,0.178,0.737,0.0,0.176,-4.605,0.0957,97.83,4,0.288,night
352,NINOKUNI,OZWORLD,OZworld,2019-06-09,257282,57,9,0,0.753,0.238,0.825,0.0,0.0669,-3.737,0.0771,129.958,4,0.815,night
353,Mango Loco,Mango Loco,JP THE WAVY,2022-04-12,133402,46,9,0,0.767,0.00916,0.619,0.568,0.115,-7.43,0.0776,103.062,4,0.439,night
354,Dream Melody,DREAMS AND NIGHTMARES,DJ RYOW,2019-10-02,180102,39,9,1,0.676,0.0837,0.558,1.24e-06,0.16,-8.409,0.0406,159.904,4,0.526,night
355,Take It Easy,SACULA,WILYWNKA,2018-09-19,229416,46,4,1,0.863,0.616,0.762,0.0,0.108,-3.531,0.0993,99.966,4,0.642,night
356,Peter Son,OZWORLD,OZworld,2019-06-09,345241,50,4,0,0.789,0.468,0.845,0.000632,0.0959,-2.848,0.0755,130.043,4,0.681,night
357,NINGEN State of Mind (pt.2),NINGEN State of Mind pt.2,Ritto,2017-02-02,136000,38,10,0,0.333,0.461,0.771,0.0,0.266,-3.918,0.0664,80.974,4,0.587,night
358,MY MELO,LAST TEENAGE LIFE,TOFU,2021-07-17,108000,25,10,1,0.728,0.0953,0.794,0.0,0.0787,-4.565,0.0401,159.931,4,0.718,night
359,regret,regret,4yu,2021-12-25,227234,41,3,1,0.691,0.861,0.628,0.0,0.106,-7.19,0.069,93.913,4,0.849,night
360,Life goes on,KEEP IT REAL,Lil Merry,2020-05-23,134765,46,2,1,0.881,0.146,0.762,0.0,0.11,-3.567,0.0945,99.983,4,0.23,night
361,どれにしようかな,どれにしようかな,Awich,2022-02-04,160118,48,7,0,0.841,0.264,0.711,0.0,0.162,-5.259,0.204,108.088,4,0.645,night
362,Marry Me (feat. Toya Wright),Boss Chick Music,Rasheeda,2012-06-18,233920,50,8,1,0.812,0.0392,0.502,0.000186,0.14,-8.205,0.0988,79.021,4,0.4,night
363,Super Wave,BAD HOP WORLD,BAD HOP,2020-08-07,255948,43,1,1,0.713,0.0995,0.639,0.0,0.185,-6.996,0.0463,142.986,4,0.581,night
364,花火,花火,aiko,1999-08-04,280066,46,5,1,0.626,0.0786,0.895,0.0,0.0354,-4.141,0.0346,96.027,4,0.885,night
365,花火,ハレンチ,CHANMINA,2021-10-13,196163,54,7,1,0.63,0.0107,0.731,1.15e-05,0.232,-5.568,0.0295,102.012,4,0.435,night
366,CANDY B,M.B.S,Merry Delo,2022-01-07,151920,51,9,1,0.788,0.000805,0.786,0.0,0.306,-5.581,0.0422,100.005,4,0.365,night
367,Selfish,Selfish,Ralph,2020-02-19,224437,42,1,1,0.752,0.0344,0.869,0.00102,0.666,-5.344,0.254,139.959,4,0.453,night
368,Jitsuryoku,Jitsuryoku,Hideyoshi,2020-10-14,236980,45,2,1,0.811,0.0143,0.731,1.35e-05,0.0982,-5.0,0.174,154.005,4,0.462,night
369,Two,Two,YRD Leo,2022-03-25,136216,54,0,1,0.741,0.547,0.572,0.0,0.137,-9.586,0.0583,147.96,4,0.435,night
370,Souzou,Days of Future Past,Mind Jack,2022-05-15,173413,15,7,1,0.723,0.705,0.683,0.0,0.0982,-6.347,0.0347,142.988,4,0.513,night
371,DREAM ISLAND,DREAM ISLAND,RIEHATA,2022-05-16,147828,39,8,1,0.757,0.0621,0.786,0.0,0.187,-3.399,0.105,75.961,4,0.89,night
372,Too Bad Day But... - Remix,Too Bad Day But... (Remix),Kvi Baba,2021-10-06,207315,53,8,1,0.802,0.507,0.694,0.000509,0.203,-7.015,0.0652,94.976,4,0.74,night
373,愛してるって,DOPAMINE,Laughing Hick,2019-12-18,178389,56,11,1,0.589,0.037,0.754,0.0,0.246,-3.524,0.0336,138.008,4,0.797,night
374,caffè e llatte,caffè e llatte,VILLSHANA,2020-05-11,164062,46,1,1,0.762,0.134,0.638,0.00097,0.111,-4.181,0.0357,96.002,4,0.781,night
375,Instagram,Instagram,SG,2021-11-24,195000,53,5,0,0.754,0.275,0.456,0.0,0.0887,-9.675,0.0831,175.805,4,0.66,night
376,Euphoria,Euphoria,fumi,2022-04-17,193333,47,1,0,0.704,0.272,0.671,0.0,0.0897,-5.66,0.0651,134.982,4,0.46,night
377,DRUG,DRUG,SUSHIBOYS,2019-04-08,235037,34,2,1,0.731,0.188,0.808,0.0,0.149,-4.481,0.229,132.96,4,0.771,night
378,Y (Please Tell Me Why),Cyworld BGM 2021,Soyou,2021-06-29,228694,8,8,1,0.501,0.326,0.665,0.0,0.202,-5.786,0.227,159.869,4,0.498,night
379,MAKE IT UP,MAKE IT UP,eyden,2021-12-25,162222,44,9,1,0.938,0.394,0.551,0.0,0.238,-6.855,0.126,107.98,4,0.37,night
380,人として,27,SUPER BEAVER,2016-06-01,244720,56,9,1,0.324,0.0039,0.847,0.0,0.0892,-3.732,0.046,164.191,4,0.491,night
381,Suicide,BAD HOP WORLD DELUXE,BAD HOP,2021-02-22,202810,33,9,1,0.691,0.00922,0.526,0.0,0.155,-8.213,0.0484,144.044,4,0.437,night
382,赤橙,創,ACIDMAN,2002-10-30,305933,46,10,1,0.591,0.0509,0.712,3.46e-05,0.122,-5.717,0.0298,135.75,4,0.696,night
383,No Holidays,Millennium Baby,Evil Zuum,2021-12-03,168276,42,0,1,0.648,0.303,0.647,0.0,0.0896,-5.101,0.0449,75.498,4,0.214,night
384,Life Goes on,Life Goes on,Repezen Foxx,2020-03-10,243000,53,8,1,0.834,0.644,0.833,0.0,0.063,-2.138,0.0315,105.017,4,0.834,night
385,Super Star,KEEP IT REAL,Lil Merry,2020-05-23,167125,27,2,1,0.86,0.365,0.793,0.0,0.0932,-4.034,0.207,92.019,4,0.518,night
386,Music My Life 24/7,Music My Life 24/7,Lil Merry,2021-03-14,175310,22,5,0,0.752,0.318,0.832,0.0,0.106,-3.628,0.124,89.981,4,0.478,night
387,Fuck b*tch,Career up,Lil Merry,2021-09-01,186504,15,7,1,0.792,0.502,0.816,0.0,0.0816,-3.372,0.31,174.928,4,0.577,night
388,OK! - Remix,POPCORN,Only U,2021-11-24,178533,32,11,1,0.784,0.0975,0.668,1.35e-06,0.167,-5.708,0.0626,152.958,4,0.935,night
389,別の人の彼女になったよ,別の人の彼女になったよ,wacci,2018-08-22,303000,37,2,1,0.529,0.0252,0.631,0.0,0.346,-4.722,0.0263,72.035,4,0.462,night
390,韻波句徒,BEST,CHEHON,2016-05-25,291440,61,10,0,0.806,0.408,0.863,0.0,0.0755,-2.679,0.0518,122.03,4,0.928,night
391,オワリはじまり,めんそーれ、かりゆし,kariyushi58,2010-08-11,368880,52,7,1,0.652,0.12,0.772,0.0,0.171,-5.794,0.0318,114.999,4,0.426,night
392,好きだから。,好きだから。,『ユイカ』,2021-06-27,298663,66,0,1,0.607,0.239,0.498,4.04e-06,0.313,-6.363,0.0311,164.993,4,0.714,night
393,NiPPON (feat. Leon Fanourakis & SANTAWORLDVIEW),LiFE,LEX,2020-08-26,173485,50,1,1,0.718,0.107,0.848,1.28e-06,0.0899,-6.564,0.218,178.046,4,0.885,night
394,What's up?,What's up?,AI jacky,2021-02-22,165118,41,7,1,0.777,0.0504,0.68,0.00445,0.11,-5.49,0.0455,107.939,4,0.435,night
395,Girl Like Me,CREAM THE BEST,CREAM,2017-01-01,212853,51,4,1,0.842,0.263,0.628,0.0,0.121,-4.597,0.0556,97.009,4,0.65,night
396,明日への手紙,Ren'dez-vous,Aoi Teshima,2014-07-23,291880,55,9,1,0.519,0.772,0.35,2.65e-05,0.0912,-8.42,0.0249,76.094,4,0.333,night
397,Missing,SHAKE IT PARADISE,Toshinobu Kubota,1986-09-10,262760,55,7,1,0.516,0.506,0.212,0.0,0.257,-15.327,0.0301,136.279,4,0.043,night
398,好きだよ。〜100回の後悔〜,ソナポケイズム② 〜あなたのうた〜,Sonar Pocket,2011-01-26,318760,49,10,1,0.442,0.237,0.648,0.0,0.0687,-5.764,0.0474,79.391,4,0.425,night
399,世界が終わるまでは... (スラムダンク),JAPAN ANIMESONG COLLECTION VOL.7 [アニソン・ジャパン],Various Artists,2008-09-17,321744,52,0,1,0.55,0.0748,0.718,0.0,0.102,-3.278,0.0297,103.972,4,0.236,night
400,BUM BUM,BUM BUM,Mari,2021-07-01,192631,42,7,1,0.844,0.321,0.599,0.0,0.0891,-4.11,0.0486,133.11,4,0.354,night
401,大金持ちのあなたと貧乏な私,大金持ちのあなたと貧乏な私,LEX,2022-04-29,242500,49,4,1,0.665,0.0115,0.849,0.0,0.131,-3.737,0.0457,120.039,4,0.355,night
402,Milk & Honey,CHANGE,CREAM,2016-02-03,196893,46,6,1,0.72,0.0474,0.842,0.000424,0.106,-3.409,0.0379,97.016,4,0.862,night
403,約束のしおり,約束のしおり,ACE COLLECTION,2020-01-15,375400,48,2,1,0.656,0.36,0.528,0.0,0.094,-7.279,0.0314,89.989,4,0.31,night
404,恋の前,LOVE,FINLANDS,2017-07-05,215000,31,10,1,0.626,0.149,0.909,0.0115,0.128,-1.439,0.0388,125.971,4,0.743,night
405,Friends,BAD HOP WORLD DELUXE,BAD HOP,2021-02-22,180042,51,8,0,0.785,0.00356,0.823,0.0,0.155,-5.758,0.0801,150.032,4,0.43,night
406,SNOW BOY,THE MESSAGE 2.5,MC Tyson,2019-11-20,177928,25,0,0,0.748,0.104,0.753,0.0,0.182,-4.212,0.0421,98.979,4,0.214,night
407,悪党の詩,THE CITY OF DOGG,D.O,2012-05-23,169040,44,4,0,0.462,0.00756,0.755,0.0,0.125,-6.376,0.226,95.042,4,0.807,night
408,First Times,=,Ed Sheeran,2021-10-29,185853,73,8,1,0.587,0.84,0.267,0.0,0.121,-9.206,0.0349,98.845,4,0.352,night
409,Invisible Lights,Invisible Lights,DJ TATSUKI,2019-01-31,286428,28,0,1,0.601,0.196,0.858,1.47e-05,0.096,-4.213,0.0462,83.988,4,0.497,night
410,ASOBI (feat. Candee & Playsson),ASOBI (feat. Candee & Playsson),YUTO,2022-04-18,195211,52,1,0,0.929,0.021,0.821,0.0,0.0225,-3.101,0.18,142.06,4,0.858,night
411,Excuse boy,TWEMPTY,Rei(C)hi,2020-08-19,165626,42,8,1,0.797,0.108,0.617,0.0,0.0878,-6.275,0.0488,104.018,4,0.575,night
412,CHODAI,CHODAI,Billy Laurent,2021-12-15,217333,52,9,1,0.716,0.181,0.62,0.0,0.231,-6.636,0.0533,89.937,4,0.207,night
413,Lover,Lover,Hawk,2022-03-04,178154,31,11,0,0.629,0.297,0.732,0.0,0.1,-5.412,0.0447,143.888,4,0.511,night
414,でもね、たまには,でもね、たまには,imase,2022-07-01,185889,59,0,1,0.958,0.675,0.45,1.63e-06,0.0724,-6.008,0.0904,104.999,4,0.952,night
415,サテライト,THE BLUES,SHO-SENSEI!!,2022-02-23,228939,51,2,1,0.572,0.0437,0.607,0.0,0.225,-6.271,0.0758,151.938,4,0.678,night
416,TAKI,TAKI,OGF,2020-07-03,172687,46,7,0,0.866,0.0737,0.521,0.0,0.0853,-7.518,0.253,160.06,4,0.544,night
417,Heaven's Drive,CHAOS TAPE,(sic)boy,2020-10-28,214200,54,10,1,0.429,0.0899,0.624,0.0,0.276,-5.294,0.0804,133.236,5,0.495,night
418,ラブソング,あいことば5,Yamazaru,2018-05-02,284200,43,8,1,0.437,0.0659,0.858,0.0,0.285,-3.771,0.0785,168.152,4,0.695,night
419,また逢う日まで,Slow & Easy,HIRAIDAI,2015-05-06,255026,59,11,1,0.472,0.776,0.465,0.0,0.168,-6.124,0.0279,78.007,4,0.377,night
420,Happy like weekend,12kagetu,KeeP,2022-03-12,182965,44,0,1,0.725,0.22,0.725,0.0,0.0729,-3.896,0.231,172.043,4,0.856,night
421,とりあえず,KOWICHI on the WAVE 2 -Canada Edition-,KOWICHI,2019-02-27,168202,19,9,1,0.599,0.00141,0.821,0.0,0.239,-6.617,0.035,160.013,4,0.397,night
422,JINGI,JINGI,Rei(C)hi,2021-07-21,167566,36,4,0,0.819,0.13,0.789,0.0,0.361,-3.489,0.0778,99.992,4,0.612,night
423,luzzy,Threesome,Minchanbaby,2019-10-25,101986,20,10,0,0.849,0.0978,0.831,0.000919,0.685,-5.889,0.122,100.066,4,0.522,night
424,Love My Hood,HOOD DREAMS,MaisonDe,2021-02-12,207037,35,4,1,0.809,0.0987,0.545,5.78e-05,0.108,-7.743,0.068,94.029,4,0.371,night
425,DIE,DIE,KOTA,2021-05-14,211333,57,1,0,0.78,0.622,0.579,0.0,0.0954,-7.649,0.061,134.985,4,0.235,night
426,TEIHEN,TEIHEN,ZOT on the WAVE,2022-06-30,190491,52,11,0,0.813,0.00953,0.735,0.0,0.275,-7.071,0.0619,144.014,4,0.933,night
427,Hyperpop Star,Hyperpop Star,Only U,2021-05-19,124245,33,2,1,0.786,0.201,0.696,0.0,0.085,-5.518,0.086,139.952,4,0.639,night
428,名神Drive,TALENT,Lo-keyBoi,2021-06-22,160032,51,0,1,0.677,0.0872,0.845,0.0,0.134,-4.976,0.0804,89.996,4,0.661,night
429,AWASE,AWASE,3House,2022-08-05,149039,39,8,1,0.692,0.318,0.665,0.00017,0.0772,-8.121,0.0413,78.018,4,0.375,night
430,また君と,また君と,JAY'ED,2014-11-12,248520,58,2,1,0.674,0.586,0.657,0.0,0.112,-4.76,0.0285,95.034,4,0.351,night
431,Hug,Changes,DADA,2022-07-30,179310,36,0,1,0.704,0.401,0.587,0.0,0.113,-8.529,0.166,87.015,4,0.138,night
432,"EYES, NOSE, LIPS - JPN","EYES, NOSE, LIPS",TAEYANG,2014-08-13,232066,49,0,1,0.644,0.65,0.535,0.0,0.0706,-5.112,0.0375,143.886,4,0.277,night
433,GOKU VIBES,GOKU VIBES,DJ CHARI,2020-08-26,248000,47,0,1,0.592,0.152,0.804,1.22e-06,0.137,-5.087,0.0804,150.054,4,0.501,night
434,バラード,ケツノポリス7,Ketsumeishi,2011-03-16,418053,53,3,1,0.526,0.0698,0.708,0.0,0.239,-5.288,0.0305,140.029,4,0.27,night
435,逢いたくていま,JUST BALLADE,MISIA,2009-12-16,358586,57,6,1,0.337,0.359,0.532,0.0,0.0827,-6.296,0.0345,140.257,4,0.336,night
436,やさしさで溢れるように,やさしさで溢れるように,JUJU,2009-02-11,289866,42,8,1,0.393,0.343,0.715,0.0,0.112,-4.105,0.0344,159.548,4,0.374,night
437,星屑ビーナス,"BEST SELECTION ""blanc""",Aimer,2017-05-03,254693,0,5,1,0.521,0.339,0.613,0.0,0.235,-5.77,0.0282,73.01,4,0.393,night
438,コイワズライ,Sun Dance,Aimer,2019-04-09,235160,62,10,1,0.675,0.3,0.5,0.0,0.312,-5.825,0.0258,93.917,4,0.773,night
439,NIKE DRIP,NIKE DRIP,Taiyoh,2022-03-18,120077,49,1,1,0.816,0.0883,0.721,0.0356,0.277,-6.837,0.291,143.895,4,0.67,night
440,Whatever,Changes,DADA,2022-07-30,124285,34,8,1,0.699,0.0505,0.879,0.0,0.0946,-2.717,0.0347,139.969,4,0.452,night
441,The Wolf Of Wall Street,The Wolf Of Wall Street,₩,2022-03-08,92617,31,4,0,0.891,0.014,0.966,0.0,0.133,-2.146,0.19,105.915,4,0.551,night
442,Bounce,For Japanese Motherfuckers,Captain Noah,2021-03-07,200000,43,1,1,0.826,0.0733,0.649,0.839,0.159,-6.431,0.0417,106.964,4,0.278,night
443,np,KOZMO,RhymeTube,2022-01-26,150000,33,3,1,0.706,0.626,0.739,0.0,0.117,-6.796,0.0392,143.989,4,0.689,night
444,ナツノオワリ,ENCORE,Shota Shimizu,2014-03-12,306160,55,8,1,0.64,0.108,0.686,0.0,0.284,-6.275,0.0363,84.018,4,0.43,night
445,Hanabi,Hanabi,Louis Vision,2022-07-15,171724,50,2,1,0.628,0.0646,0.774,0.0,0.308,-7.143,0.037,86.991,4,0.645,night
446,Falling Love,BEGINNING THE NEXT,Next_lv,2021-08-21,142917,26,0,0,0.591,0.669,0.7,0.0,0.205,-4.842,0.241,178.236,4,0.669,night
447,恋時雨,湘南乃風 〜JOKER〜,Shonan No Kaze,2009-04-08,386706,42,1,1,0.583,0.314,0.754,0.0,0.352,-5.288,0.034,129.959,4,0.403,night
448,湾岸 highway,湘南乃風 〜JOKER〜,Shonan No Kaze,2009-04-08,257120,43,11,0,0.716,0.0298,0.891,0.0,0.316,-3.168,0.165,99.996,4,0.434,night
449,Young Boss 2.0,Young Boss 2.0,Lambert凌,2020-11-27,140731,50,11,0,0.954,0.112,0.874,0.0,0.158,-4.021,0.205,103.952,4,0.826,night
450,U,Toy box,JAY'ED,2011-08-31,259680,8,8,1,0.634,0.00138,0.773,0.0,0.164,-5.077,0.0376,123.998,4,0.61,night
451,アイカタ,アイカタ,Berry Goodman,2020-09-30,232666,42,8,1,0.658,0.239,0.804,0.0,0.0879,-5.968,0.0607,94.971,4,0.808,night
452,DREAM,ENCORE,Shota Shimizu,2014-03-12,323960,0,8,1,0.59,0.0137,0.582,0.0,0.333,-5.226,0.0253,93.977,4,0.472,night
453,せいかつ,明星,クボタカイ,2019-12-04,220573,0,7,1,0.628,0.319,0.547,0.0,0.187,-6.202,0.0287,124.973,4,0.498,night
454,クリスマスソング,シャンデリア,back number,2015-12-09,340080,64,4,1,0.404,0.128,0.705,0.0,0.123,-3.324,0.0315,154.02,4,0.42,night
455,トドカナイカラ,COVERS FOR LOVERS VOL.1,FUKI,2019-08-09,229696,37,11,1,0.771,0.789,0.368,0.0,0.273,-7.013,0.055,99.022,4,0.385,night
456,大丈夫 -LIVE version-,フレンズ,wacci,2020-03-04,288573,0,6,1,0.578,0.163,0.81,0.0,0.0663,-4.829,0.0289,79.992,4,0.506,night
457,君がくれた夏,WE,Leo Ieiri,2016-07-06,258680,58,1,1,0.51,0.31,0.615,0.0,0.117,-4.207,0.0283,169.814,4,0.463,night
458,よるのあと,adieu 1,adieu,2019-11-27,291880,0,6,1,0.674,0.519,0.365,1.23e-05,0.136,-8.141,0.0278,144.038,4,0.425,night
459,みかんハート,CK AND MORE...,C&K,2013-11-27,336840,57,6,1,0.561,0.589,0.358,0.0,0.117,-6.39,0.028,129.029,4,0.204,night
460,ベイビーバイバイ,ベイビーバイバイ,CIMBA,2020-02-19,178353,44,1,1,0.818,0.175,0.735,0.0,0.0514,-4.432,0.0697,154.058,4,0.786,night
461,君の為のキミノウタ,I believe in you,Takaya Kawasaki,2018-03-14,313877,0,9,1,0.459,0.806,0.3,0.0,0.109,-6.684,0.0328,133.502,4,0.41,night
462,好きにさせた癖に,好きにさせた癖に,あれくん,2020-09-04,263333,0,7,1,0.559,0.281,0.429,0.0,0.174,-6.41,0.0267,72.037,4,0.31,night
463,Call,Call,CHANMINA,2019-06-28,179906,42,8,1,0.746,0.0201,0.693,0.0,0.148,-5.653,0.0466,101.029,4,0.219,night
464,GIRLS,Never Grow Up,CHANMINA,2019-08-07,195080,44,8,1,0.812,0.323,0.658,0.0,0.0595,-5.4,0.0451,170.058,4,0.753,night
465,Practice Makes Perfect,Practice Makes Perfect,SR,2021-04-23,167142,71,4,1,0.801,0.102,0.633,0.0,0.354,-7.069,0.293,139.931,4,0.945,night
466,ARIDAMIKAN,ARIDAMIKAN,HONEST a.k.a. 湊,2021-11-26,148575,38,1,1,0.868,0.0283,0.629,0.0,0.126,-6.942,0.31,76.018,4,0.95,night
467,0life,X'MAS BOY!!,Ceres,2021-12-25,160714,26,2,1,0.717,0.337,0.558,0.0,0.131,-7.129,0.0485,84.017,4,0.122,night
468,Be here now,YVNG NEVER DIE,Yvng Patra,2021-03-13,112779,31,6,1,0.601,0.103,0.908,0.0,0.0967,-3.206,0.0426,165.93,4,0.801,night
469,54321,CHANGE,CREAM,2016-02-03,299680,41,1,0,0.619,0.00912,0.909,0.0,0.211,-3.73,0.037,150.038,4,0.762,night
470,最後の一本,TRIP MASTER2,Japanese Magenese,2022-08-31,294976,51,5,1,0.772,0.16,0.753,0.0,0.259,-4.594,0.185,92.076,4,0.755,night
471,Dream Ship,DREAMS AND NIGHTMARES,DJ RYOW,2019-10-02,180864,29,7,1,0.695,0.00749,0.594,5.46e-06,0.258,-9.369,0.0563,97.054,4,0.317,night
472,悪党の詩 - Remix,DREAM DEALERS,Red Eye,2022-07-03,298857,45,10,1,0.378,0.253,0.919,0.0,0.499,-1.625,0.365,167.872,4,0.651,night
473,CROOKED - JPN,COUP D'ETAT [+ ONE OF A KIND & HEARTBREAKER],G-DRAGON,2013-11-27,226800,42,2,1,0.668,0.00131,0.904,0.0,0.0617,-4.641,0.0943,130.068,4,0.837,night
474,That's Me,That's Me,WILYWNKA,2022-06-11,158634,31,6,1,0.868,0.0394,0.875,0.0,0.236,-4.483,0.202,93.053,4,0.964,night
475,BAD BOY,THE BEST OF BIGBANG 2006-2014,BIGBANG,2014-11-26,238933,37,9,0,0.593,0.0199,0.744,0.0,0.0813,-4.002,0.0891,74.964,4,0.4,night
476,BAT MAN - Remix,BAD HOP WORLD DELUXE,BAD HOP,2021-02-22,234522,28,7,1,0.794,0.044,0.819,0.0,0.386,-6.377,0.145,132.059,4,0.373,night
477,旅に出よう,WASABI,SUSHIBOYS,2018-04-25,224773,18,0,1,0.816,0.0531,0.94,0.0,0.344,-3.539,0.245,101.944,4,0.604,night
478,House Party,BAD HOP HOUSE,BAD HOP,2018-06-15,250072,39,1,0,0.578,0.0227,0.511,0.0,0.138,-9.21,0.305,148.023,4,0.0662,night
479,交差点,everyday is a NEW DAY,Banty Foot,2018-05-16,251978,51,2,1,0.546,0.12,0.852,0.0,0.0308,-6.651,0.0758,175.989,4,0.571,night
480,Skip To Ma Luuuu - Remix,XD (SIDE-X),week dudus,2019-12-30,252272,40,10,0,0.849,0.0873,0.782,1.09e-05,0.072,-6.071,0.0455,88.018,4,0.85,night
481,BLUE,THE BEST OF BIGBANG 2006-2014,BIGBANG,2014-11-26,234240,39,7,1,0.585,0.0385,0.727,0.0,0.0592,-6.465,0.0774,124.931,4,0.441,night
482,IF YOU,MADE SERIES,BIGBANG,2016-02-03,267920,42,1,1,0.67,0.485,0.45,0.0,0.127,-5.89,0.0291,141.718,4,0.226,night
483,LOSER,MADE SERIES,BIGBANG,2016-02-03,221133,40,0,0,0.62,0.392,0.739,0.0,0.188,-4.236,0.0516,89.932,4,0.495,night
484,WHO YOU? - JPN,COUP D'ETAT [+ ONE OF A KIND & HEARTBREAKER],G-DRAGON,2013-11-27,203573,35,1,1,0.579,0.156,0.716,0.0,0.29,-4.558,0.168,88.679,4,0.739,night
485,Control,Control,Frankkiss,2021-12-22,199262,33,10,1,0.67,0.0765,0.64,0.0,0.365,-7.837,0.0472,100.011,4,0.431,night
486,ただ・・・逢いたくて,EXTREME BEST,EXILE,2016-09-27,351053,51,2,1,0.446,0.221,0.455,2.21e-06,0.208,-6.545,0.0267,138.096,4,0.363,night
487,Goodbye,DREAMIN',CREAM,2013-02-27,259146,33,6,1,0.71,0.0534,0.904,7.62e-05,0.0951,-3.701,0.0347,159.998,4,0.746,night
488,I LOVE YOU,愛すべきものすべてに -YUTAKA OZAKI BEST,Yutaka Ozaki,1983,260626,56,9,1,0.536,0.125,0.357,0.0,0.0739,-8.348,0.0276,149.272,4,0.187,night
489,FACKWOODS,Only Grizzly Family,OGF,2020-01-10,182278,33,6,0,0.829,0.0866,0.658,2.03e-05,0.0897,-6.508,0.206,79.02,4,0.72,night
490,Dawn,Changes,DADA,2022-07-30,171834,46,8,1,0.578,0.131,0.594,0.0,0.11,-3.8,0.0637,84.443,4,0.251,night
491,KEEP IT G FAM,REAL TAPE,REAL-T,2020-05-01,217647,30,2,1,0.765,0.0766,0.783,6.3e-06,0.233,-5.229,0.0314,125.003,4,0.336,night
492,Mean,infinite,Deep Leaf,2021-04-18,147781,36,11,0,0.86,0.732,0.627,0.0,0.116,-7.58,0.217,99.935,4,0.47,night
493,freestyle,Episode.0,Linobu,2021-12-11,94500,45,3,0,0.899,0.357,0.485,0.0,0.0989,-8.753,0.272,118.071,4,0.244,night
494,NAMBA,NAMBA,Japanese Magenese,2022-07-16,225408,35,5,1,0.821,0.521,0.652,0.0,0.328,-4.862,0.394,86.012,4,0.757,night
495,告白,ファンキーモンキーベイビーズ3,FUNKY MONKEY BABYS,2009-03-04,281400,54,0,1,0.479,0.105,0.877,0.0,0.209,-3.41,0.147,184.042,4,0.529,night
496,桜の代紋,OLD SPICE,KENNY G kennessy,2020-06-16,193631,38,5,0,0.559,0.207,0.846,0.0,0.192,-4.506,0.335,190.026,4,0.526,night
497,With you,STORY,リルジャップ,2022-06-01,186670,39,0,1,0.704,0.597,0.82,0.0,0.083,-5.827,0.0381,152.003,3,0.57,night
498,alone,heartbreak e.p.,KEIJU,2019-02-06,244648,36,6,0,0.558,0.54,0.704,0.0,0.154,-3.438,0.0328,127.633,4,0.082,night
499,Ice Cold City,Ice Cold City,Dizzy,2015-04-14,274491,16,6,1,0.787,0.126,0.693,0.0,0.143,-7.631,0.0788,133.879,4,0.404,night
500,Blood Roses,Tornado,Lil Raven,2019-10-09,123870,40,8,1,0.563,0.0188,0.796,0.0,0.153,-4.857,0.0385,154.958,4,0.809,night
501,Fuse,Skyrocket,SATOH,2021-10-13,151620,29,9,1,0.624,0.44,0.699,0.0,0.107,-6.689,0.0681,94.99,4,0.487,night
502,STAY - KR Ver.,SQUARE TWO,BLACKPINK,2017-07-20,231306,49,1,1,0.629,0.542,0.421,3.56e-06,0.117,-6.746,0.0364,87.939,4,0.353,night
503,DARARI - KR ver.-,THE SECOND STEP : CHAPTER ONE (KR EDITION),TREASURE,2022-02-15,220716,57,0,1,0.63,0.503,0.634,0.0,0.0704,-7.105,0.0401,85.014,4,0.552,night
504,Lovesick Girls,THE ALBUM,BLACKPINK,2020-10-02,192765,59,6,1,0.658,0.00513,0.732,0.0,0.13,-4.762,0.0654,127.995,4,0.409,night
505,I LOVE YOU,THE FIRST STEP : TREASURE EFFECT,TREASURE,2021-01-11,181618,64,8,1,0.727,0.0107,0.687,0.0,0.16,-6.57,0.0695,130.018,4,0.416,night
506,Into the I-LAND - Applicants Version,Into the I-Land,I-LAND,2020-06-26,217322,0,1,1,0.522,0.016,0.916,0.0,0.149,-4.766,0.0786,122.046,4,0.549,night
507,On The Ground,R,ROSÉ,2021-03-12,168085,53,1,1,0.311,0.0174,0.607,0.0,0.131,-6.578,0.11,188.7,4,0.286,night
508,Life's Too Short (English Version),Life's Too Short,aespa,2022-06-24,178133,71,0,1,0.472,0.289,0.8,0.0,0.149,-3.681,0.265,72.203,4,0.548,night
509,SOLO - KR Ver.,SOLO (KR Ver.),JENNIE,2018-11-12,169566,55,3,0,0.752,0.0864,0.636,0.0,0.0902,-5.238,0.0899,95.041,4,0.415,night
510,FEVER,BORDER : CARNIVAL,ENHYPEN,2021-04-26,172106,78,6,0,0.6,0.0642,0.713,0.0,0.142,-5.079,0.0592,72.999,4,0.471,night
511,Don't Wanna Cry,SEVENTEEN 4th Mini Album ‘Al1’,SEVENTEEN,2017-05-22,203426,71,0,1,0.781,0.164,0.683,1.53e-06,0.16,-4.258,0.0325,100.005,4,0.722,night
512,LOVE SCENARIO - KR Ver.,RETURN (KR EDITION),iKON,2018-01-27,209648,51,7,1,0.807,0.33,0.71,0.0,0.294,-4.609,0.0305,117.987,4,0.76,night
513,一分钟恋人 - 心跳加速版,一分钟恋人 (心跳加速版),很美味,2022-01-04,176782,34,4,1,0.758,0.12,0.834,0.0,0.0932,-5.382,0.0414,94.984,4,0.243,night
514,Traffic light,Traffic light,Lee Mujin,2021-05-14,231586,58,6,0,0.609,0.0965,0.717,0.0,0.0694,-3.547,0.0597,97.026,4,0.545,night
515,Some,Red Diary Page.1,BOL4,2017-09-28,181373,74,1,0,0.659,0.417,0.799,0.0,0.0562,-2.849,0.0629,103.991,4,0.782,night
516,Psycho,‘The ReVe Festival’ Finale,Red Velvet,2019-12-23,210560,76,8,1,0.664,0.193,0.666,0.0,0.0854,-2.203,0.0446,139.987,4,0.405,night
517,Celebrity,IU 5th Album 'LILAC',IU,2021-03-25,195546,68,9,1,0.73,0.191,0.784,0.0,0.0956,-2.62,0.0691,99.995,4,0.673,night
518,Polaroid Love,DIMENSION : ANSWER,ENHYPEN,2022-01-10,184601,79,7,0,0.738,0.458,0.67,0.0,0.361,-3.766,0.0439,138.055,4,0.651,night
519,Life Is Still Going On,Hello Future - The 1st Album Repackage,NCT DREAM,2021-06-28,218586,69,0,0,0.681,0.158,0.749,0.0,0.303,-3.436,0.0701,150.039,4,0.676,night
520,0X1=LOVESONG (I Know I Love You) feat. Seori,The Chaos Chapter: FREEZE,TOMORROW X TOGETHER,2021-05-31,202203,75,0,1,0.584,0.0558,0.836,0.0,0.0663,-4.925,0.079,104.973,4,0.484,night
521,Darl+ing,SEVENTEEN 4th Album 'Face the Sun',SEVENTEEN,2022-05-27,176560,70,0,1,0.519,0.299,0.695,0.0,0.43,-4.861,0.0812,95.384,4,0.515,night
522,GOING CRAZY,THE FIRST STEP : TREASURE EFFECT,TREASURE,2021-01-11,224968,64,8,0,0.75,0.197,0.888,0.0,0.085,-4.885,0.0595,124.997,4,0.808,night
523,Gone,R,ROSÉ,2021-03-12,207163,71,6,1,0.647,0.594,0.377,0.0,0.0768,-6.003,0.0375,79.936,4,0.653,night
524,JIKJIN - KR ver.-,THE SECOND STEP : CHAPTER ONE (KR EDITION),TREASURE,2022-02-15,184117,55,11,0,0.819,0.034,0.553,0.0,0.0868,-6.682,0.0443,130.06,4,0.57,night
525,I LOVE YOU,THE FIRST STEP : CHAPTER TWO,TREASURE,2020-09-18,181618,0,8,1,0.732,0.0101,0.725,0.0,0.163,-5.585,0.0638,130.024,4,0.411,night
526,I&credible,I&credible,I-LAND,2020-08-01,224929,0,8,0,0.587,0.0921,0.741,0.0,0.221,-5.562,0.0758,93.096,4,0.269,night
527,CROWN,The Dream Chapter: STAR,TOMORROW X TOGETHER,2019-03-04,230706,0,5,1,0.622,0.0505,0.8,0.0,0.0619,-5.819,0.0425,110.977,4,0.58,night
528,9 and Three Quarters (Run Away),The Dream Chapter: MAGIC,TOMORROW X TOGETHER,2019-10-21,211866,0,1,1,0.639,0.0055,0.756,0.0,0.13,-4.42,0.0608,128.937,4,0.532,night
529,Blue Hour,minisode1 : Blue Hour,TOMORROW X TOGETHER,2020-10-26,209105,53,3,0,0.71,0.00962,0.82,0.0,0.0871,-4.362,0.0836,112.005,4,0.746,night
530,Let Me In (20 CUBE),BORDER : DAY ONE,ENHYPEN,2020-11-30,189858,66,8,0,0.483,0.00258,0.795,0.0,0.0912,-4.338,0.181,171.853,4,0.685,night
531,Flicker,BORDER : DAY ONE,ENHYPEN,2020-11-30,144370,63,10,0,0.656,0.00647,0.761,3.35e-06,0.169,-5.112,0.092,85.149,4,0.549,night
532,Not For Sale,BORDER : CARNIVAL,ENHYPEN,2021-04-26,181196,67,2,1,0.583,0.0612,0.589,0.0,0.108,-6.621,0.203,192.13,4,0.56,night
533,Blueming,Love poem,IU,2019-11-18,217053,69,0,1,0.819,0.0849,0.674,0.0,0.0667,-3.145,0.0587,106.032,4,0.682,night
534,Given-Taken,BORDER : DAY ONE,ENHYPEN,2020-11-30,183090,72,8,0,0.631,0.17,0.649,0.0,0.321,-4.939,0.0377,108.07,4,0.459,night
535,10 Months,BORDER : DAY ONE,ENHYPEN,2020-11-30,194220,65,6,0,0.876,0.0345,0.73,1.11e-06,0.11,-4.276,0.0492,110.006,4,0.709,night
536,Any song,Any song,ZICO,2020-01-13,227226,67,10,0,0.874,0.118,0.787,0.0,0.11,-2.416,0.129,108.007,4,0.896,night
537,Sour Grapes,FEARLESS,LE SSERAFIM,2022-05-02,196540,77,6,0,0.779,0.395,0.801,0.0,0.108,-5.564,0.0457,139.998,4,0.72,night
538,Hype Boy,NewJeans 1st EP 'New Jeans',NewJeans,2022-08-01,179026,88,4,0,0.593,0.268,0.935,0.0,0.286,-3.43,0.225,99.976,4,0.783,night
539,Attention,NewJeans 1st EP 'New Jeans',NewJeans,2022-08-01,180066,87,10,0,0.811,0.236,0.648,0.0,0.0761,-3.684,0.0368,104.988,4,0.695,night
540,ASAP,STAYDOM,STAYC,2021-04-08,194080,71,0,1,0.764,0.102,0.802,0.0,0.189,-4.217,0.0351,132.02,4,0.323,night
541,Go Big or Go Home,DIMENSION : DILEMMA,ENHYPEN,2021-10-12,201707,67,10,0,0.766,0.0502,0.844,0.0,0.269,-3.993,0.0575,122.019,4,0.823,night
542,Cookie,NewJeans 1st EP 'New Jeans',NewJeans,2022-08-01,235562,81,0,1,0.847,0.0596,0.638,0.0,0.0894,-3.764,0.0575,156.935,4,0.661,night
543,LOVE COUNTDOWN (feat. Wonstein),IM NAYEON,NAYEON,2022-06-24,197613,55,11,0,0.689,0.235,0.845,0.0,0.0588,-2.459,0.201,159.945,4,0.863,night
544,Hurt,NewJeans 1st EP 'New Jeans',NewJeans,2022-08-01,177946,77,10,0,0.599,0.731,0.446,0.0,0.105,-6.511,0.0833,179.877,4,0.567,night
545,SAME SAME,YOUNG-LUV.COM,STAYC,2022-02-21,181466,62,1,1,0.734,0.0938,0.586,0.0,0.281,-7.135,0.143,76.011,4,0.606,night
546,I’m not myself when I’m around you (Feat. 10CM),I’m not myself when I’m around you,DINDIN,2021-10-14,211200,57,1,1,0.768,0.482,0.517,0.0,0.0844,-5.839,0.0573,113.03,4,0.627,night
547,Pretty U,SEVENTEEN 1ST ALBUM [FIRST ‘LOVE&LETTER’],SEVENTEEN,2016-04-25,207299,69,8,1,0.642,0.0173,0.931,0.0,0.0815,-2.82,0.163,155.088,4,0.884,night
548,Like,2 Cool 4 Skool,BTS,2013-06-12,231893,73,0,0,0.737,0.303,0.723,0.0,0.26,-4.165,0.0705,100.939,4,0.783,night
549,Tomboy,Tomboy,Destiny Rogers,2019-02-28,203445,70,0,0,0.644,0.423,0.645,0.00512,0.116,-5.437,0.0557,77.998,4,0.459,night
550,BOY,THE FIRST STEP : TREASURE EFFECT,TREASURE,2021-01-11,196666,63,6,0,0.753,0.0522,0.76,0.0,0.379,-6.666,0.0482,110.01,4,0.69,night
551,MMM,THE FIRST STEP : TREASURE EFFECT,TREASURE,2021-01-11,208053,60,1,1,0.765,0.0485,0.717,0.0,0.0643,-6.899,0.0914,79.976,4,0.63,night
552,Cat & Dog (English Version),Cat & Dog (English Version),TOMORROW X TOGETHER,2019-05-03,187600,49,8,1,0.841,0.0501,0.8,6.73e-06,0.121,-3.268,0.107,159.926,4,0.382,night
553,Get Cool,UNVEIL Stray Kids,Stray Kids,2019-09-19,194758,40,11,0,0.804,0.0893,0.854,0.0,0.27,-4.194,0.0913,151.955,4,0.9,night
554,MY TREASURE,THE FIRST STEP : TREASURE EFFECT,TREASURE,2021-01-11,195982,61,6,1,0.727,0.114,0.75,0.0,0.137,-5.532,0.0813,107.932,4,0.536,night
555,어질어질 (Outta My Head),XOXO,JEON SOMI,2021-10-29,188123,51,3,1,0.537,0.353,0.506,0.0,0.422,-6.645,0.0869,130.012,4,0.554,night
556,BBIBBI,BBIBBI,IU,2018-10-10,194426,69,7,1,0.839,0.241,0.617,0.0,0.3,-4.692,0.331,143.894,4,0.821,night
557,Mad at Disney,Mad at Disney,salem ilese,2020-07-24,136838,72,0,1,0.738,0.424,0.621,7.39e-06,0.692,-7.313,0.0486,113.968,4,0.715,night
558,Mansae,SEVENTEEN 2nd Mini Album ‘BOYS BE’,SEVENTEEN,2015-09-10,186874,66,7,1,0.749,0.0547,0.955,0.0,0.112,-1.767,0.0867,111.96,4,0.761,night
559,Always,Always,ENHYPEN,2022-02-21,186872,60,7,1,0.804,0.0466,0.771,0.0,0.109,-3.836,0.059,110.014,4,0.73,night
560,Illusion,Girls - The 2nd Mini Album,aespa,2022-07-08,195053,72,2,0,0.75,0.0814,0.718,1.75e-05,0.322,-2.817,0.0468,90.027,4,0.592,night
561,Pink Venom,Pink Venom,BLACKPINK,2022-08-19,186964,67,0,1,0.794,0.0119,0.719,0.0,0.276,-7.227,0.0761,90.016,4,0.69,night
562,Forever Young,SQUARE UP,BLACKPINK,2018-06-15,237076,0,4,1,0.592,0.0423,0.961,0.0,0.0882,-1.807,0.096,109.826,4,0.508,night
563,Baby I Need You,Baby I Need You,Joosiq,2022-03-30,215400,56,4,1,0.73,0.354,0.558,0.0,0.165,-4.403,0.0418,100.044,4,0.744,night
564,Santa Tell Me,Santa Tell Me,Ariana Grande,2014-11-24,204093,71,7,1,0.525,0.0489,0.621,0.0,0.294,-7.364,0.116,191.9,4,0.591,night
565,positions,Positions,Ariana Grande,2020-10-30,172324,85,0,1,0.737,0.468,0.802,0.0,0.0931,-4.771,0.0878,144.015,4,0.682,night
566,Beatbox,Beatbox - The 2nd Album Repackage,NCT DREAM,2022-05-30,205133,74,4,0,0.857,0.0411,0.7,0.0,0.0334,-4.189,0.074,93.997,4,0.773,night
567,HOT,SEVENTEEN 4th Album 'Face the Sun',SEVENTEEN,2022-05-27,197586,81,5,0,0.765,0.0539,0.777,2.58e-06,0.338,-4.376,0.0399,111.944,4,0.64,night
568,FEARLESS,FEARLESS,LE SSERAFIM,2022-05-02,168437,83,7,1,0.863,0.0508,0.62,0.00324,0.129,-7.167,0.135,103.971,4,0.432,night
569,MANIAC,ODDINARY,Stray Kids,2022-03-18,182757,60,1,1,0.744,0.181,0.8,0.0,0.0746,-2.63,0.266,89.925,4,0.722,night
570,CIRCUS,CIRCUS,Stray Kids,2022-06-10,194440,74,5,0,0.767,0.0337,0.809,0.0,0.0353,-3.734,0.0958,97.958,4,0.69,night
571,CHEESE,NOEASY,Stray Kids,2021-08-23,182080,48,2,1,0.348,0.0278,0.946,0.0,0.14,-2.578,0.361,179.958,3,0.589,night
572,Christmas EveL,Christmas EveL,Stray Kids,2021-11-29,178529,45,5,0,0.874,0.0412,0.759,0.0,0.401,-3.895,0.166,140.007,4,0.884,night
573,Don't run away,A-TEEN Part.4,Motte,2018-09-16,248361,49,0,1,0.497,0.667,0.493,0.0,0.25,-4.872,0.0326,144.042,4,0.695,night
574,A-TEEN,A-TEEN Part.3,SEVENTEEN,2018-08-13,196323,58,11,1,0.649,0.109,0.792,0.0,0.343,-4.677,0.0966,149.962,4,0.543,night
575,Panorama,One-reeler / Act IV,IZ*ONE,2020-12-07,222853,69,9,0,0.726,0.0429,0.963,0.00157,0.128,-1.111,0.0916,126.062,4,0.769,night
576,FIESTA,BLOOM*IZ,IZ*ONE,2020-02-17,217760,67,7,1,0.756,0.0617,0.927,0.0,0.343,-2.116,0.0594,123.005,4,0.723,night
577,BOP BOP!,The 1st Mini Album 'Beam Of Prism',VIVIZ,2022-02-09,219933,63,0,1,0.688,0.0697,0.831,0.0,0.13,-2.857,0.0962,126.118,4,0.707,night
578,We Are Never Ever Getting Back Together (Taylor's Version),Red (Taylor's Version),Taylor Swift,2021-11-12,193146,74,7,1,0.567,0.0317,0.686,1.86e-06,0.0732,-6.139,0.175,172.014,4,0.716,night
579,_WORLD,SEVENTEEN 4th Album Repackage 'SECTOR 17',SEVENTEEN,2022-07-18,178453,79,2,0,0.709,0.312,0.809,0.0,0.0899,-3.198,0.0541,111.01,4,0.788,night
580,TFW (That Feeling When),MANIFESTO : DAY 1,ENHYPEN,2022-07-04,197795,69,3,0,0.689,0.113,0.692,0.0,0.134,-4.388,0.0354,116.024,4,0.902,night
581,君じゃない誰かの愛し方 (Ring),君じゃない誰かの愛し方 (Ring),TOMORROW X TOGETHER,2022-08-23,204111,66,7,1,0.446,0.0166,0.737,0.0,0.42,-4.938,0.0581,129.35,5,0.496,night
582,After LIKE,After LIKE,IVE,2022-08-22,176973,89,0,1,0.68,0.103,0.922,0.0,0.0877,-1.215,0.121,125.014,4,0.799,night
583,Classic,MKTO,MKTO,2012,175426,82,1,1,0.72,0.0384,0.791,0.0,0.157,-4.689,0.124,102.071,4,0.756,night
584,I LOVE U,HOLIDAY,WINNER,2022-07-05,176000,46,0,1,0.781,0.0222,0.686,0.0,0.0557,-3.183,0.0581,105.021,4,0.894,night
585,WE GO,9 WAY TICKET,fromis_9,2021-05-17,175946,53,6,1,0.67,0.0168,0.925,0.0,0.201,-3.214,0.104,124.017,5,0.78,night
586,Stay This Way,from our Memento Box,fromis_9,2022-06-27,195653,64,11,1,0.682,0.0709,0.855,0.0,0.046,-2.421,0.0553,123.945,4,0.764,night
587,LOVEADE,The 2nd Mini Album 'Summer Vibe',VIVIZ,2022-07-06,218880,58,1,1,0.804,0.0138,0.786,0.0,0.0725,-4.071,0.146,113.999,4,0.745,night
588,Count on Me,Doo-Wops & Hooligans,Bruno Mars,2010-10-05,197469,71,0,1,0.589,0.851,0.389,0.0,0.0772,-5.972,0.028,89.1,4,0.501,night
589,The Lazy Song,Doo-Wops & Hooligans,Bruno Mars,2010-10-05,189109,78,8,0,0.794,0.3,0.711,0.0,0.0955,-5.124,0.0699,174.915,4,0.955,night
590,La Vie en Rose,COLOR*IZ,IZ*ONE,2018-10-29,218993,68,9,0,0.699,0.0868,0.907,0.0,0.115,-1.208,0.0544,115.978,4,0.621,night
591,DICE,ENTWURF,NMIXX,2022-09-19,165746,66,7,1,0.556,0.0848,0.798,0.0,0.33,-3.331,0.254,131.096,4,0.628,night
592,1 of 9,YOUNI-BIRTH,YOUNITE,2022-04-20,199327,51,0,0,0.704,0.124,0.828,0.0,0.11,-4.668,0.139,114.873,4,0.798,night
593,Don′t do That,TOYSTORY3,Leellamarz,2022-05-20,135120,52,10,1,0.884,0.353,0.649,0.0,0.0766,-6.325,0.0734,132.014,4,0.974,night
594,Peaches (feat. Daniel Caesar & Giveon),Justice,Justin Bieber,2021-03-19,198081,86,0,1,0.677,0.321,0.696,0.0,0.42,-6.181,0.119,90.03,4,0.464,night
595,HELLO,THE SECOND STEP : CHAPTER TWO,TREASURE,2022-10-04,181432,57,2,1,0.653,0.0315,0.575,0.0,0.0764,-5.432,0.0571,135.015,4,0.528,night
596,Queendom,Queendom - The 6th Mini Album,Red Velvet,2021-08-16,181760,70,5,1,0.695,0.179,0.896,0.0,0.0626,-1.24,0.0847,119.959,4,0.508,night
